avgHR,calories,duration,steps,startTime,distance,speed,pace,user_id,vo2Max,date,Age,Height,Gender,MaxHR
155.0,714,41.233333333333334,6723.0,2020-01-25 11:08:43,6.810515,9.873383056343737,364.6166647699309,p01,46.92,2020-01-25,48,195,male,182
139.0,752,52.78333333333333,7150.0,2020-01-18 07:02:02,7.073632,8.701228740020827,413.7346698451906,p01,48.72,2020-01-18,48,195,male,182
152.0,567,35.733333333333334,4963.0,2020-02-10 19:52:26,5.309476,9.453889716840536,380.7956415640429,p01,45.72,2020-02-10,48,195,male,182
147.0,815,50.71666666666667,7469.0,2020-01-04 07:47:37,7.142601,8.830714727085478,407.66802136163636,p01,45.53,2020-01-04,48,195,male,182
163.0,454,26.433333333333334,3913.0,2019-12-26 13:23:11,3.858257,9.428197530864198,381.83332373075774,p01,44.86,2019-12-26,48,195,male,182
141.0,461,30.166666666666668,3981.0,2019-11-23 09:09:24,3.986109,7.799727725511898,461.5545730173205,p01,47.13,2019-11-23,48,195,male,182
144.0,396,24.416666666666668,3901.0,2019-11-05 22:40:41,3.846164,9.341901369863013,385.3605232456858,p01,47.38,2019-11-05,48,195,male,182
146.0,339,21.066666666666666,3384.0,2019-11-11 20:53:44,3.445945,9.713571428571429,370.61548643282595,p01,47.01,2019-11-11,48,195,male,182
150.0,493,31.683333333333334,4671.0,2020-03-05 20:03:25,4.272132,8.788402285714286,409.6307705271831,p01,44.46,2020-03-05,48,195,male,182
145.0,416,29.3,3815.0,2020-03-14 08:10:29,3.985,9.545923128792987,377.12434422831916,p01,48.54,2020-03-14,48,195,male,182
159.0,486,28.616666666666667,4056.0,2020-02-26 06:30:39,3.714648,8.245785310734462,436.58667602144294,p01,44.07,2020-02-26,48,195,male,182
133.0,283,35.03333333333333,2519.0,2020-02-21 09:48:37,2.388156,7.201383432963279,499.9039467224487,p01,46.69,2020-02-21,48,195,male,182
134.0,274,20.666666666666668,2476.0,2020-02-21 06:54:15,2.370195,7.67755035971223,468.8995618825137,p01,41.63,2020-02-21,48,195,male,182
131.0,1035,81.08333333333333,10783.0,2019-12-13 14:17:35,9.282632,7.39411467788355,486.8737038617913,p02,41.63,2019-12-13,60,180,male,169
121.0,1088,101.6,8859.0,2019-12-08 14:24:58,6.520648,4.303224264705882,836.5820088733055,p02,53.81,2019-12-08,60,180,male,169
147.0,864,60.166666666666664,8064.0,2019-11-13 15:45:45,7.069617,7.606540782790559,473.2768945569622,p02,63.53,2019-11-13,60,180,male,169
142.0,1211,81.01666666666667,11880.0,2019-11-11 17:19:41,10.433976,7.818520924422236,460.44514490648737,p02,41.83,2019-11-11,60,180,male,169
136.0,544,71.91666666666667,10034.0,2019-11-06 17:06:01,9.356687,8.188608653378708,439.6351263550251,p02,48.54,2019-11-06,60,180,male,169
140.0,553,38.733333333333334,5548.0,2019-11-27 17:57:04,5.013421,7.815663923776526,460.6134597277413,p02,51.38,2019-11-27,60,180,male,169
130.0,1062,87.58333333333333,11350.0,2019-11-25 17:30:26,10.148828,7.659041509433963,470.03270521066236,p02,47.27,2019-11-25,60,180,male,169
153.0,591,37.63333333333333,5635.0,2019-11-18 18:18:23,5.15725,8.251792,436.26887347620976,p02,54.52,2019-11-18,60,180,male,169
147.0,1062,71.18333333333334,10211.0,2019-11-16 13:21:56,8.814726,7.691223837209302,468.06595103676386,p02,46.92,2019-11-16,60,180,male,169
129.0,998,87.98333333333333,8014.0,2020-02-16 15:22:32,5.567234,4.07619218973625,883.1771988241157,p02,55.33,2020-02-16,60,180,male,169
93.0,105,77.36666666666666,1295.0,2020-02-15 11:18:52,0.900226,4.097173198482933,878.654581000622,p02,55.69,2020-02-15,60,180,male,169
147.0,1196,83.78333333333333,11288.0,2020-02-27 06:42:38,9.676679,7.4866308551783405,480.85715318926907,p02,49.49,2020-02-27,60,180,male,169
128.0,1375,113.75,10810.0,2020-03-19 12:53:43,11.090976,6.173074253556355,583.1778222861992,p02,40.76,2020-03-19,60,180,male,169
128.0,1671,140.55,12612.0,2020-03-23 13:52:27,9.549601,4.438828088426528,811.0248759996751,p02,47.46,2020-03-23,60,180,male,169
136.0,1333,130.1,10570.0,2020-03-14 10:36:54,8.361945,5.11236728447543,704.17475890905,p02,42.32,2020-03-14,60,180,male,169
144.0,1238,86.58333333333333,12357.0,2020-01-27 17:33:47,11.263781,8.099280862964441,444.4839067702553,p02,47.66,2020-01-27,60,180,male,169
140.0,761,71.1,7582.0,2020-01-14 10:11:55,6.923937,7.930340057636887,453.95279065406703,p02,45.18,2020-01-14,60,180,male,169
139.0,1038,74.16666666666667,10134.0,2020-01-10 15:01:53,9.116218,7.691912778429074,468.0240277939333,p02,52.2,2020-01-10,60,180,male,169
130.0,513,71.75,4977.0,2020-01-21 10:32:38,4.1955,6.402626706231454,562.2692318601435,p02,44.46,2020-01-21,60,180,male,169
144.0,1142,77.75,11077.0,2020-01-17 13:52:53,9.60489,7.654087649402392,470.3369186373346,p02,53.81,2020-01-17,60,180,male,169
141.0,652,44.016666666666666,6522.0,2019-12-24 14:00:07,5.905195,8.141196018376723,442.19547003583955,p02,44.86,2019-12-24,60,180,male,169
145.0,1142,77.25,11023.0,2019-12-20 12:00:37,9.557945,7.624069425901201,472.1887746417607,p02,48.54,2019-12-20,60,180,male,169
,1199,474.76666666666665,11273.0,2019-12-20 12:00:19,11.506841,8.572929662851635,419.9241129689721,p02,46.99,2019-12-20,60,180,male,169
134.0,1011,105.4,9104.0,2020-01-07 18:11:45,7.672203,6.35755,566.2558690061423,p02,45.5,2020-01-07,60,180,male,169
135.0,628,71.28333333333333,6013.0,2019-12-28 09:31:07,5.447265,7.576683945841393,475.14189924418434,p02,55.69,2019-12-28,60,180,male,169
134.0,914,77.66666666666667,9070.0,2020-01-23 14:41:52,7.560828,6.827075765178123,527.3121500074744,p02,52.7,2020-01-23,60,180,male,169
148.0,455,59.38333333333333,8790.0,2019-12-23 08:50:03,8.139062,8.618025421223765,417.72909965364175,p04,42.32,2019-12-23,26,163,female,195
155.0,294,39.88333333333333,5103.0,2020-01-08 19:58:13,5.447945,9.59426444662096,375.22417899038606,p04,47.9,2020-01-08,26,163,female,195
154.0,428,51.233333333333334,7582.0,2020-01-20 20:01:15,8.255351,10.252862068965516,351.1214698671187,p04,39.01,2020-01-20,26,163,female,195
155.0,297,35.28333333333333,5196.0,2020-01-17 23:58:20,5.783804,10.402383233532934,346.07454072592765,p04,45.53,2020-01-17,26,163,female,195
163.0,442,53.31666666666667,7415.0,2020-01-14 20:40:00,8.047273,10.449220461095102,344.5233080691181,p04,40.49,2020-01-14,26,163,female,195
119.0,96,20.85,1974.0,2020-01-13 20:15:09,1.736835,6.84117903930131,526.2250818636181,p04,40.49,2020-01-13,26,163,female,195
146.0,276,36.03333333333333,4917.0,2020-01-12 21:17:49,5.30625,9.66937044534413,372.30965762961597,p04,44.09,2020-01-12,26,163,female,195
153.0,400,52.05,7042.0,2020-01-09 20:17:24,7.230828,9.168663613948572,392.6417361984148,p04,48.72,2020-01-09,26,163,female,195
153.0,182,22.0,3225.0,2019-11-17 13:02:43,2.855984,8.219837190742219,437.96487892176054,p04,37.68,2019-11-17,26,163,female,195
135.0,359,49.68333333333333,7352.0,2019-11-25 18:02:39,6.447539,7.803214789915966,461.34831565219145,p04,48.71,2019-11-25,26,163,female,195
137.0,107,15.933333333333334,2223.0,2019-11-22 12:35:34,2.072632,8.01477551020408,449.1704097534147,p04,42.15,2019-11-22,26,163,female,195
148.0,275,34.53333333333333,5286.0,2019-11-18 17:55:38,5.005679,8.796474377745241,409.2548725098169,p04,42.32,2019-11-18,26,163,female,195
147.0,364,56.8,5792.0,2019-11-17 12:40:37,5.37151,5.679129515418502,633.8999648143632,p04,40.7,2019-11-17,26,163,female,195
158.0,314,36.0,5631.0,2019-11-28 17:05:50,5.208515,8.78248243559719,409.90688297974464,p04,42.15,2019-11-28,26,163,female,195
148.0,291,37.05,5650.0,2019-12-16 17:58:54,4.572429,7.431879006772008,484.3997052050553,p04,54.52,2019-12-16,26,163,female,195
,297,37.86666666666667,5663.0,2019-12-16 17:58:43,5.74317,9.100093309859156,395.6003391855021,p04,45.29,2019-12-16,26,163,female,195
131.0,271,39.13333333333333,5821.0,2019-12-12 17:16:25,4.710539,7.233175266524521,497.7067286978336,p04,47.46,2019-12-12,26,163,female,195
161.0,346,41.166666666666664,5564.0,2019-12-10 13:30:44,1.160765,1.7969828872312419,2003.3579760722228,p04,49.78,2019-12-10,26,163,female,195
145.0,308,39.583333333333336,5992.0,2020-01-21 21:05:56,6.264554,9.960651655629139,361.422136268113,p04,44.61,2020-01-21,26,163,female,195
154.0,262,31.633333333333333,4756.0,2020-03-09 17:13:38,4.84689,9.212692713833157,390.765231385009,p04,48.51,2020-03-09,26,163,female,195
157.0,391,45.9,6732.0,2020-02-27 14:06:25,6.347656,8.561002662609356,420.51149168814015,p04,41.63,2020-02-27,26,163,female,195
146.0,363,46.3,7111.0,2020-03-13 15:32:54,7.297554,9.582840262582057,375.6715025353031,p04,45.84,2020-03-13,26,163,female,195
153.0,440,52.55,7793.0,2020-03-26 12:31:16,7.676882,9.072886117492617,396.78664025763135,p04,51.5,2020-03-26,26,163,female,195
152.0,374,53.71666666666667,6757.0,2020-03-25 17:06:38,6.523976,8.60976897689769,418.1296861344087,p04,47.29,2020-03-25,26,163,female,195
158.0,31,4.05,595.0,2020-03-23 12:21:00,0.570007,8.748654545454546,411.4918449797995,p04,39.51,2020-03-23,26,163,female,195
151.0,520,63.5,9817.0,2020-03-23 11:12:30,9.150492,8.662432304038004,415.58766333121645,p04,40.76,2020-03-23,26,163,female,195
158.0,263,31.5,4575.0,2020-03-18 17:09:08,4.703851,9.576713073005093,375.9118574981332,p04,56.13,2020-03-18,26,163,female,195
146.0,269,40.11666666666667,5365.0,2020-02-01 01:35:15,5.489039,9.437187022900764,381.46960437088455,p04,44.09,2020-02-01,26,163,female,195
157.0,241,30.316666666666666,4454.0,2020-01-27 02:03:06,5.036359,10.926725195429945,329.46742373512643,p04,45.09,2020-01-27,26,163,female,195
155.0,374,51.7,7152.0,2020-01-24 07:10:26,8.219476,11.059926728971963,325.4994439130996,p04,45.29,2020-01-24,26,163,female,195
135.0,320,50.166666666666664,5957.0,2020-01-23 07:06:20,5.401078,7.253274626865672,496.3275465492272,p04,42.1,2020-01-23,26,163,female,195
153.0,226,27.75,4410.0,2020-02-03 01:44:02,5.056539,10.946208057727,328.88101349934936,p04,46.21,2020-02-03,26,163,female,195
145.0,241,32.78333333333333,4749.0,2020-02-17 17:44:11,4.928359,9.278698744769875,387.9854383707858,p04,44.46,2020-02-17,26,163,female,195
147.0,324,41.5,6075.0,2019-11-13 18:56:42,5.602789,8.313181705809642,433.0471926872657,p04,41.83,2019-11-13,26,163,female,195
137.0,50,8.35,1053.0,2019-12-20 18:20:11,0.884695,6.504934426229507,553.4260246319943,p04,33.46,2019-12-20,26,163,female,195
116.0,71,12.2,1353.0,2019-11-12 14:43:44,1.160546,5.716602739726027,629.7446514837819,p04,38.77,2019-11-12,26,163,female,195
146.0,61,7.8,1031.0,2019-11-12 15:51:27,0.939492,7.42878947368421,484.60116049225275,p04,48.23,2019-11-12,26,163,female,195
107.0,412,51.4,4687.0,2020-01-02 09:47:18,3.451914,4.416151405912041,815.1894419155482,p05,51.38,2020-01-02,35,176,male,184
111.0,479,45.93333333333333,5142.0,2019-12-12 07:41:04,3.796164,5.014708777084099,717.888148650038,p05,47.9,2019-12-12,35,176,male,184
142.0,408,28.766666666666666,4283.0,2019-11-07 14:31:40,3.696523,7.760916083916084,463.8627658222887,p05,51.5,2019-11-07,35,176,male,184
104.0,376,47.11666666666667,3888.0,2020-01-25 09:51:47,2.750007,4.117888704318937,874.2344095468721,p05,49.72,2020-01-25,35,176,male,184
142.0,613,40.13333333333333,6626.0,2019-11-20 14:08:52,6.697242,10.038531835205992,358.6181783450137,p06,47.46,2019-11-20,42,179,male,181
144.0,474,32.233333333333334,4985.0,2019-11-24 16:20:14,4.541906,9.01790077177508,399.2059894102579,p06,44.26,2019-11-24,42,179,male,181
169.0,793,43.75,7385.0,2019-11-05 05:40:58,7.192554,9.882679893170545,364.2736624999652,p06,43.44,2019-11-05,42,179,male,181
153.0,662,39.38333333333333,6769.0,2019-11-04 14:15:53,6.995796,10.635865703357416,338.4773840143159,p06,46.85,2019-11-04,42,179,male,181
128.0,158,17.833333333333332,1651.0,2020-01-30 15:56:10,1.383601,6.528173001310616,551.4559738654679,p06,40.03,2020-01-30,42,179,male,181
123.0,117,10.366666666666667,1182.0,2020-02-05 05:52:11,0.911351,5.813901639344262,619.2055220951479,p06,38.77,2020-02-05,42,179,male,181
163.0,411,23.683333333333334,4065.0,2020-02-11 14:08:46,4.274585,10.8563610719323,331.6028249380291,p06,45.81,2020-02-11,42,179,male,181
144.0,434,27.883333333333333,4770.0,2020-03-26 19:27:21,5.013789,10.75765724594107,334.6453523938311,p06,50.02,2020-03-26,42,179,male,181
152.0,425,28.416666666666668,4582.0,2020-03-30 19:24:34,5.004812,11.475796308084023,313.7037207138307,p06,49.89,2020-03-30,42,179,male,181
140.0,615,41.11666666666667,6821.0,2020-02-17 05:48:13,6.200585,9.013379366368806,399.40624416991795,p06,47.29,2020-02-17,42,179,male,181
145.0,582,40.35,6449.0,2020-01-06 06:06:24,6.189398,9.425068610634648,381.9600841884577,p06,47.9,2020-01-06,42,179,male,181
144.0,558,38.03333333333333,6315.0,2020-01-03 14:11:48,6.200015,9.664317683194383,372.5043110141303,p06,46.97,2020-01-03,42,179,male,181
150.0,638,40.35,6495.0,2019-12-09 14:16:50,6.522437,9.754672318779143,369.0539140991424,p06,45.49,2019-12-09,42,179,male,181
157.0,410,27.366666666666667,4230.0,2020-03-21 08:18:53,4.321828,10.401543243243243,346.10248843012124,p06,46.67,2020-03-21,42,179,male,181
153.0,435,27.35,4539.0,2020-03-18 19:29:48,4.348929,9.56373382624769,376.4220194125219,p06,45.18,2020-03-18,42,179,male,181
147.0,411,26.433333333333334,4543.0,2020-02-21 14:18:16,4.34157,9.879272727272726,364.3992932862191,p06,55.69,2020-02-21,42,179,male,181
139.0,444,29.816666666666666,4921.0,2020-02-24 06:20:36,4.75364,9.42413004484305,381.9981242693001,p06,48.63,2020-02-24,42,179,male,181
152.0,589,39.083333333333336,6040.0,2020-02-26 14:10:59,6.00746,9.860886216466236,365.0787486005596,p06,44.61,2020-02-26,42,179,male,181
152.0,442,30.433333333333334,4880.0,2020-03-11 13:57:36,5.055226,10.730206246317028,335.50147288507543,p06,47.27,2020-03-11,42,179,male,181
151.0,317,25.5,3402.0,2020-03-09 14:17:52,3.464703,10.384219451371571,346.6798844976744,p06,47.35,2020-03-09,42,179,male,181
109.0,75,7.6,932.0,2020-03-09 05:53:11,0.732726,5.896429530201343,610.5389679569481,p06,39.01,2020-03-09,42,179,male,181
140.0,572,41.15,6480.0,2020-02-27 05:45:03,6.288718,9.669395788568973,372.3086818160728,p06,48.74,2020-02-27,42,179,male,181
151.0,1694,148.33333333333334,24119.0,2019-12-08 10:42:31,25.490648,10.564887197231835,340.7513902224395,p07,55.69,2019-12-08,26,177,male,180
147.0,757,71.5,10405.0,2019-12-24 13:33:29,11.191523,10.25482431052094,351.05428342702845,p07,56.13,2019-12-24,26,177,male,180
145.0,1165,102.08333333333333,16470.0,2019-11-17 10:04:25,18.431062,10.836570308672218,332.2084291852945,p07,45.18,2019-11-17,26,177,male,180
136.0,895,85.11666666666666,13897.0,2019-11-24 12:22:18,15.60307,11.004307933398628,327.144607529004,p07,40.49,2019-11-24,26,177,male,180
150.0,710,63.5,9563.0,2020-03-16 17:32:53,10.683617,10.459517128874388,344.1841488133227,p07,51.6,2020-03-16,26,177,male,180
114.0,89,11.283333333333333,1264.0,2020-03-17 16:41:59,1.374046,7.317372781065089,491.97985502605457,p07,64.98,2020-03-17,26,177,male,180
130.0,223,23.083333333333332,3641.0,2020-03-18 17:40:04,4.059617,10.571271149674622,340.5456116893574,p07,64.64,2020-03-18,26,177,male,180
162.0,527,47.06666666666667,7065.0,2020-03-18 18:03:19,8.078796,11.411915227629514,315.4597565958079,p07,47.73,2020-03-18,26,177,male,180
171.0,551,41.35,6715.0,2020-03-20 12:21:21,7.609726,11.050838241226302,325.76714285526555,p07,48.51,2020-03-20,26,177,male,180
139.0,557,54.516666666666666,7873.0,2020-03-14 09:44:56,8.820289,10.115655941382606,355.8839902089387,p07,63.53,2020-03-14,26,177,male,180
163.0,906,70.48333333333333,11639.0,2020-03-21 10:08:42,13.332789,11.36211124260355,316.84252364132675,p07,53.28,2020-03-21,26,177,male,180
140.0,833,83.33333333333333,10071.0,2020-03-24 15:52:04,11.307812,8.157682228010419,441.30181825898427,p07,43.44,2020-03-24,26,177,male,180
84.0,521,151.86666666666667,3424.0,2020-03-24 17:16:06,2.238421,0.8810848797628197,4085.8719547758988,p07,51.52,2020-03-24,26,177,male,180
146.0,625,56.18333333333333,8893.0,2020-03-26 15:51:47,10.029375,10.718414959928761,335.87055674358095,p07,48.74,2020-03-26,26,177,male,180
155.0,849,72.65,9983.0,2020-03-23 18:00:44,10.90621,9.295905347846663,387.2672822377561,p07,45.18,2020-03-23,26,177,male,180
162.0,819,67.06666666666666,10234.0,2020-03-17 17:01:49,11.65896,10.789286044718581,333.6643393343178,p07,53.24,2020-03-17,26,177,male,180
114.0,1725,546.2833333333333,13984.0,2020-01-04 13:53:54,14.94562,1.6415239954846388,2193.0839938389977,p07,56.36,2020-01-04,26,177,male,180
142.0,797,60.0,9026.0,2020-03-18 19:20:28,10.925554,11.189099569583933,321.74170741907756,p08,54.09,2020-03-18,27,186,male,200
130.0,1127,101.4,13435.0,2020-03-17 18:35:55,14.452414,9.735475236294896,369.78164009691216,p08,55.33,2020-03-17,27,186,male,200
136.0,929,74.11666666666666,10472.0,2020-03-15 13:40:47,11.673203,9.836017988165679,366.0017706689213,p08,49.78,2020-03-15,27,186,male,200
148.0,615,43.21666666666667,6460.0,2020-03-12 15:26:10,7.826914,11.050293164757013,325.78321193156876,p08,53.81,2020-03-12,27,186,male,200
106.0,46,5.216666666666667,604.0,2020-03-12 10:18:11,0.517046,5.789315960912053,621.835122544055,p08,46.85,2020-03-12,27,186,male,200
128.0,1176,103.96666666666667,14529.0,2020-03-19 17:18:21,16.334953,10.271517204870301,350.48376283622815,p08,55.11,2020-03-19,27,186,male,200
148.0,771,56.55,8316.0,2020-03-21 19:26:45,10.079718,11.190112149532709,321.7125933943685,p08,53.6,2020-03-21,27,186,male,200
146.0,1147,80.31666666666666,12640.0,2020-03-22 11:15:06,15.036976,11.234821906354517,320.43231570620696,p08,54.96,2020-03-22,27,186,male,200
143.0,899,65.55,10036.0,2020-03-26 17:33:50,12.729453,12.024670690107582,299.3844981519233,p08,56.3,2020-03-26,27,186,male,200
148.0,1619,109.58333333333333,17606.0,2020-03-28 13:01:53,20.187117,11.057964399817434,325.55720653789,p08,46.67,2020-03-28,27,186,male,200
146.0,1669,128.7,18316.0,2020-03-30 17:10:05,21.202773,10.775115628970775,334.1031432016166,p08,55.34,2020-03-30,27,186,male,200
150.0,684,46.43333333333333,7228.0,2020-01-02 17:49:03,7.968718,10.2858774333093,349.99444853794677,p08,52.2,2020-01-02,27,186,male,200
110.0,138,13.85,1737.0,2019-12-08 21:04:23,1.436039,6.259287272727273,575.14535491697,p08,46.2,2019-12-08,27,186,male,200
153.0,1928,129.2,19904.0,2019-12-08 10:56:52,23.158171,10.852261564670423,331.7280899052243,p08,50.35,2019-12-08,27,186,male,200
137.0,175,13.083333333333334,1945.0,2019-12-04 18:31:36,1.787078,8.276849420849421,434.9481085075179,p08,48.71,2019-12-04,27,186,male,200
138.0,170,12.483333333333333,1885.0,2019-12-02 18:40:00,1.809687,8.730024096385543,412.3699958045355,p08,49.9,2019-12-02,27,186,male,200
127.0,145,11.75,1801.0,2019-12-04 20:27:17,1.8695,9.579840682788051,375.78913044640325,p08,54.72,2019-12-04,27,186,male,200
148.0,610,41.56666666666667,6535.0,2020-01-01 19:08:53,7.127296,10.29877367576244,349.55618147744997,p08,48.71,2020-01-01,27,186,male,200
134.0,750,56.15,8835.0,2019-12-30 15:12:59,10.929437,11.581893048128341,310.8300158739393,p08,57.08,2019-12-30,27,186,male,200
156.0,788,51.45,8014.0,2019-12-27 15:53:16,9.960937,11.509370538611291,312.78860889245226,p08,53.3,2019-12-27,27,186,male,200
142.0,612,44.3,6936.0,2019-12-22 20:04:27,6.897617,9.349183734939759,385.060354151142,p08,50.35,2019-12-22,27,186,male,200
138.0,870,74.48333333333333,10278.0,2019-12-21 07:40:00,10.98814,10.017501277465508,359.3710547457822,p08,53.28,2019-12-21,27,186,male,200
180.0,1647,95.31666666666666,14715.0,2020-01-04 13:53:53,16.172132,10.769447280799112,334.27899372500326,p08,64.64,2020-01-04,27,186,male,200
107.0,122,15.183333333333334,1606.0,2019-12-01 12:03:19,1.393578,6.2450337078651685,576.4580574586907,p08,49.91,2019-12-01,27,186,male,200
130.0,112,10.9,1527.0,2019-11-20 19:40:17,1.459539,8.847986509274874,406.8722297695992,p08,50.49,2019-11-20,27,186,male,200
142.0,178,12.716666666666667,1897.0,2019-11-20 17:13:49,1.733312,8.3664,430.2925989672978,p08,48.23,2019-11-20,27,186,male,200
157.0,780,50.53333333333333,7756.0,2019-11-18 17:43:23,5.78646,6.879398019801981,523.3016013374414,p08,50.72,2019-11-18,27,186,male,200
133.0,1340,104.98333333333333,15795.0,2019-11-17 10:11:29,11.833968,6.819623619779165,527.8883704899504,p08,48.51,2019-11-17,27,186,male,200
147.0,173,12.516666666666667,1843.0,2019-11-21 17:24:18,1.782671,8.712683853459973,413.1907068532472,p08,47.66,2019-11-21,27,186,male,200
153.0,749,65.05,6922.0,2019-11-12 17:46:42,4.1465,4.941905960264901,728.4638819406084,p08,46.39,2019-11-12,27,186,male,200
144.0,224,15.216666666666667,2104.0,2019-11-12 06:48:01,1.781578,6.962774336283186,517.0352830825369,p08,47.73,2019-11-12,27,186,male,200
131.0,125,15.916666666666666,1548.0,2019-11-30 17:53:40,1.748406,10.047680511182108,358.2916471113451,p08,54.85,2019-11-30,27,186,male,200
141.0,175,12.683333333333334,1875.0,2019-11-30 15:50:37,1.785468,8.51140132450331,422.96207906869915,p08,50.78,2019-11-30,27,186,male,200
115.0,65,7.833333333333333,811.0,2019-11-27 18:30:03,0.700046,5.5899778270509985,644.0097101242325,p08,49.89,2019-11-27,27,186,male,200
151.0,128,9.333333333333334,1281.0,2019-11-27 16:54:48,1.178171,8.187567567567566,439.6910279263221,p08,45.91,2019-11-27,27,186,male,200
132.0,151,12.4,1839.0,2019-11-23 15:39:09,1.877789,9.286271604938271,387.6690401867618,p08,51.07,2019-11-23,27,186,male,200
147.0,174,12.366666666666667,1775.0,2019-11-23 14:10:20,1.720296,8.465856942496492,425.23751871224005,p08,49.72,2019-11-23,27,186,male,200
136.0,159,12.05,1851.0,2020-01-05 18:21:18,1.823234,9.10206648199446,395.51457980684427,p08,51.81,2020-01-05,27,186,male,200
142.0,178,12.75,1946.0,2020-01-06 18:40:59,1.82114,8.628330708661418,417.230182935176,p08,49.67,2020-01-06,27,186,male,200
134.0,164,15.2,1978.0,2020-02-23 11:46:46,1.940312,8.106515081206497,444.0872512956838,p08,51.5,2020-02-23,27,186,male,200
120.0,170,18.35,1993.0,2020-02-21 15:16:09,1.873804,6.774006103763988,531.4432766748843,p08,50.9,2020-02-21,27,186,male,200
127.0,106,12.6,1263.0,2020-02-18 18:05:15,1.14957,6.777383606557377,531.1784324140754,p08,39.51,2020-02-18,27,186,male,200
119.0,857,82.31666666666666,8246.0,2020-02-18 16:36:33,8.844156,6.833350717079531,526.8279280620013,p08,43.87,2020-02-18,27,186,male,200
143.0,708,52.8,8098.0,2020-02-15 12:30:01,9.748343,11.076232086239697,325.02027512337685,p08,54.52,2020-02-15,27,186,male,200
135.0,160,23.766666666666666,1969.0,2020-02-15 10:47:14,1.956578,8.29383962264151,434.0571030783248,p08,48.58,2020-02-15,27,186,male,200
143.0,584,42.166666666666664,6597.0,2020-02-13 14:49:57,8.109,11.393907473309609,315.9583319798806,p08,55.07,2020-02-13,27,186,male,200
149.0,95,8.416666666666666,1179.0,2020-02-12 21:01:39,1.346562,10.489168831168831,343.2111788783978,p08,52.56,2020-02-12,27,186,male,200
149.0,155,10.95,1639.0,2020-02-12 18:19:57,1.772312,9.846222222222222,365.6224609551323,p08,49.71,2020-02-12,27,186,male,200
105.0,139,21.783333333333335,1821.0,2020-03-06 15:17:13,1.497906,5.861469026548673,614.1805038454221,p08,46.21,2020-03-06,27,186,male,200
119.0,142,14.383333333333333,1772.0,2020-03-05 16:27:32,1.515125,6.561302884615385,548.671515902901,p08,49.42,2020-03-05,27,186,male,200
141.0,134,9.6,1470.0,2020-03-03 20:04:32,1.733351,11.080134991119005,324.905788863176,p08,52.96,2020-03-03,27,186,male,200
137.0,160,12.583333333333334,1894.0,2020-03-03 18:17:10,1.822671,8.74776,411.5339241131444,p08,50.52,2020-03-03,27,186,male,200
124.0,993,92.63333333333334,9794.0,2020-02-28 17:07:38,10.861687,7.425612420931569,484.8084973910296,p08,51.11,2020-02-28,27,186,male,200
139.0,129,10.05,1541.0,2020-02-11 19:45:36,1.690335,10.102843853820598,356.33531034319475,p08,51.6,2020-02-11,27,186,male,200
128.0,137,16.483333333333334,1618.0,2020-02-23 14:48:56,1.496281,7.517353846153847,478.8919177779415,p08,49.49,2020-02-23,27,186,male,200
146.0,151,10.766666666666667,1604.0,2020-02-01 13:14:21,1.77982,10.07722641509434,357.24115463037333,p08,51.52,2020-02-01,27,186,male,200
154.0,164,11.416666666666666,1594.0,2020-02-01 10:42:51,1.598781,8.967084112149532,401.46829838724807,p08,46.99,2020-02-01,27,186,male,200
139.0,776,61.15,8796.0,2020-01-31 16:55:07,10.22021,10.356511508951407,347.6073962635415,p08,53.24,2020-01-31,27,186,male,200
144.0,177,12.6,1776.0,2020-01-23 18:49:16,1.7505,8.341812244897959,431.56089999530275,p08,50.35,2020-01-23,27,186,male,200
139.0,183,12.55,1855.0,2020-01-21 16:33:35,1.795757,8.551504043126684,420.9785766158315,p08,48.18,2020-01-21,27,186,male,200
144.0,771,53.916666666666664,8444.0,2020-01-10 07:03:26,8.849703,9.85666192390968,365.2352112501031,p08,51.38,2020-01-10,27,186,male,200
140.0,849,64.53333333333333,9501.0,2020-01-07 18:46:39,11.151242,10.611704138851803,339.2480560044641,p08,53.89,2020-01-07,27,186,male,200
144.0,153,12.666666666666666,1736.0,2020-02-11 17:46:17,1.766453,8.92851649928264,403.20248053405527,p08,50.53,2020-02-11,27,186,male,200
139.0,227,23.616666666666667,2208.0,2020-02-02 18:06:53,1.960203,7.032395209580838,511.91662196336887,p08,48.46,2020-02-02,27,186,male,200
144.0,131,9.916666666666666,1518.0,2020-02-02 19:53:00,1.793367,10.886934232715008,330.6716035063458,p08,53.67,2020-02-02,27,186,male,200
126.0,126,10.983333333333333,1451.0,2020-02-09 09:37:34,1.329109,7.623316293929712,472.2354236917344,p08,50.35,2020-02-09,27,186,male,200
116.0,143,14.5,1746.0,2020-02-08 17:13:30,1.407617,5.755427251732102,625.496569158541,p08,52.96,2020-02-08,27,186,male,200
130.0,221,18.1,2413.0,2020-02-08 15:46:49,2.300859,7.621652093023257,472.3385371126275,p08,47.63,2020-02-08,27,186,male,200
134.0,86,6.533333333333333,956.0,2020-02-08 13:47:49,1.049257,9.697810741687979,371.2178032640583,p08,52.7,2020-02-08,27,186,male,200
142.0,767,58.13333333333333,8707.0,2020-02-25 18:36:56,10.091757,10.651809241706161,337.97075391704703,p08,54.62,2020-02-25,27,186,male,200
131.0,1005,87.66666666666667,8988.0,2020-02-07 16:33:11,9.64371,6.904869078552868,521.3712177660134,p08,44.07,2020-02-07,27,186,male,200
137.0,178,14.916666666666666,1940.0,2020-02-04 18:23:10,1.85282,8.417545454545454,427.6781182162798,p08,48.39,2020-02-04,27,186,male,200
134.0,128,11.216666666666667,1622.0,2020-02-04 20:26:31,1.761562,9.754396313364055,369.064356660166,p08,53.65,2020-02-04,27,186,male,200
138.0,169,13.35,1919.0,2020-02-06 17:32:37,1.833281,8.495396907216495,423.7588942950913,p08,49.23,2020-02-06,27,186,male,200
144.0,540,39.61666666666667,5528.0,2019-12-03 07:37:13,5.59857,8.777874673629244,410.1220550363096,p09,46.03,2019-12-03,26,180,male,183
166.0,565,43.233333333333334,5115.0,2020-01-07 08:16:18,3.906101,6.620567362428842,543.7600439547967,p09,37.2,2020-01-07,26,180,male,183
148.0,206,127.26666666666667,3308.0,2020-02-12 18:39:20,3.139132,8.535398791540786,421.77291160289633,p10,56.3,2020-02-12,38,179,female,197
134.0,279,33.0,4549.0,2020-02-20 14:41:08,3.798,6.919975720789074,520.2330391398393,p10,48.39,2020-02-20,38,179,female,197
168.0,307,26.766666666666666,4375.0,2019-11-10 13:15:46,4.36089,9.791596009975063,367.66222751965523,p10,48.63,2019-11-10,38,179,female,197
172.0,446,33.61666666666667,5109.0,2019-11-25 05:09:32,6.220085,11.320671385237615,318.00234080590604,p12,40.7,2019-11-25,27,178,male,180
170.0,344,25.8,3841.0,2019-12-06 09:57:37,4.488789,10.4525510996119,344.4135279217785,p12,38.96,2019-12-06,27,178,male,180
171.0,471,34.78333333333333,5254.0,2019-11-18 05:11:52,6.261531,10.816264748201439,332.8320898024079,p12,55.69,2019-11-18,27,178,male,180
169.0,267,19.933333333333334,3048.0,2019-11-27 05:27:16,3.713789,11.205678391959799,321.2656899543932,p12,47.9,2019-11-27,27,178,male,180
150.0,494,38.25,5561.0,2020-02-18 05:31:44,6.202859,10.687125358851674,336.85391338825076,p13,49.91,2020-02-18,31,183,male,186
165.0,400,25.516666666666666,4080.0,2020-01-07 17:53:35,4.564914,10.755023560209425,334.7273002096427,p13,48.51,2020-01-07,31,183,male,186
146.0,306,21.9,3223.0,2020-01-02 16:08:15,3.404093,9.206471395881007,391.02929289615207,p13,50.72,2020-01-02,31,183,male,186
154.0,287,31.266666666666666,4739.0,2019-11-11 14:51:47,4.160421,8.24754845814978,436.4933432361559,p13,41.83,2019-11-11,31,183,male,186
146.0,276,34.5,4313.0,2020-03-25 16:22:37,4.62132,11.20285254691689,321.3467270878922,p14,44.26,2020-03-25,45,181,male,190
143.0,312,35.36666666666667,4394.0,2020-03-24 16:18:07,4.696507,10.975389391979302,328.00658559147263,p14,51.6,2020-03-24,45,181,male,190
151.0,311,35.733333333333334,4438.0,2020-03-13 16:07:30,3.822296,8.888845360824742,405.0019832571345,p14,45.82,2020-03-13,45,181,male,190
148.0,1022,113.45,14898.0,2020-03-21 15:13:11,16.148781,11.246134414831982,320.10999221671534,p14,40.7,2020-03-21,45,181,male,190
154.0,553,62.016666666666666,7763.0,2020-03-19 16:04:52,6.689281,9.050780652418448,397.7557448636266,p14,52.56,2020-03-19,45,181,male,190
152.0,314,36.18333333333333,4308.0,2020-03-17 15:09:17,3.709671,8.919723588039867,403.59995065621865,p14,54.62,2020-03-17,45,181,male,190
146.0,442,50.0,6463.0,2020-03-15 15:57:08,5.591484,8.870270127584691,405.8500979361103,p14,46.67,2020-03-15,45,181,male,190
145.0,818,92.25,12309.0,2020-03-14 15:33:44,10.648367,8.97390378327884,401.16320465881455,p14,46.39,2020-03-14,45,181,male,190
158.0,326,34.96666666666667,4538.0,2020-03-22 14:59:09,4.929,11.14253174104337,323.0863580795958,p14,39.01,2020-03-22,45,181,male,190
137.0,293,45.083333333333336,4979.0,2020-03-09 07:09:30,4.285507,8.787047727272727,409.69391674367824,p14,53.89,2020-03-09,45,181,male,190
142.0,638,73.21666666666667,9305.0,2020-03-08 17:09:38,8.20296,8.631281332164768,417.08755183132257,p14,51.6,2020-03-08,45,181,male,190
148.0,365,45.03333333333333,5067.0,2020-01-22 16:48:31,5.041015,9.748776886035312,369.2770941508405,p14,43.87,2020-01-22,45,181,male,190
140.0,306,44.35,4971.0,2020-01-23 04:51:15,4.943351,10.083778781038376,357.0090219322811,p14,54.96,2020-01-23,45,181,male,190
143.0,216,31.266666666666666,3239.0,2020-01-25 13:28:26,3.194,9.952151855047456,361.7308148462566,p14,46.97,2020-01-25,45,181,male,190
152.0,333,41.21666666666667,4755.0,2020-01-26 15:36:26,4.726445,10.186945606694561,353.39346443885853,p14,54.85,2020-01-26,45,181,male,190
146.0,1200,131.16666666666666,18417.0,2020-03-29 13:38:19,18.920664,10.86598949546395,331.3089895313109,p14,45.72,2020-03-29,45,181,male,190
145.0,272,34.766666666666666,4260.0,2020-03-31 14:52:05,4.359453,10.424870946393117,345.32801590657175,p14,51.52,2020-03-31,45,181,male,190
149.0,295,34.55,4375.0,2020-03-27 15:41:52,4.477367,10.46609067357513,343.9679735518926,p14,54.72,2020-03-27,45,181,male,190
147.0,518,82.33333333333333,8057.0,2020-02-08 07:18:36,7.147671,9.065639620653318,397.10380631042165,p14,52.7,2020-02-08,45,181,male,190
140.0,538,68.53333333333333,8088.0,2020-02-06 07:05:42,7.204742,8.97404275862069,401.15699209720725,p14,33.46,2020-02-06,45,181,male,190
147.0,508,64.15,7925.0,2020-02-14 15:24:05,6.941273,9.120921732799417,394.6969511923526,p14,50.72,2020-02-14,45,181,male,190
143.0,317,44.45,5269.0,2020-02-29 14:56:17,4.33389,8.455229853975121,425.7719851705161,p14,48.46,2020-02-29,45,181,male,190
154.0,325,38.68333333333333,4751.0,2020-02-26 15:27:36,3.990992,8.63025628742515,417.137090731064,p14,50.02,2020-02-26,45,181,male,190
149.0,223,35.78333333333333,3412.0,2020-02-23 14:30:40,2.918656,8.662178835110748,415.599824077515,p14,52.96,2020-02-23,45,181,male,190
136.0,206,37.1,3479.0,2020-02-22 15:09:06,3.017062,8.728426623897352,412.44546756498414,p14,48.74,2020-02-22,45,181,male,190
149.0,335,38.833333333333336,4889.0,2020-02-21 15:07:01,4.213984,8.80936268829664,408.6561227388957,p14,45.72,2020-02-21,45,181,male,190
155.0,337,36.88333333333333,4704.0,2020-02-20 16:24:23,4.36057,9.473353401565321,380.0132695783477,p14,49.42,2020-02-20,45,181,male,190
141.0,667,92.81666666666666,10472.0,2020-01-11 12:48:28,9.992312,9.40910711493354,382.6080366633628,p14,45.5,2020-01-11,45,181,male,190
146.0,316,37.766666666666666,4748.0,2020-01-15 15:39:54,4.486906,9.612341434499111,374.51853167423326,p14,47.13,2020-01-15,45,181,male,190
166.0,276,35.55,3967.0,2020-01-10 11:05:45,3.797351,10.014753284671533,359.4696641713699,p14,53.28,2020-01-10,45,181,male,190
149.0,315,38.95,4723.0,2020-01-16 15:08:15,4.405671,9.54281081081081,377.2473405761802,p14,48.63,2020-01-16,45,181,male,190
145.0,649,109.08333333333333,10089.0,2020-01-18 10:11:16,9.113312,9.191346733668343,391.67274441002513,p14,47.73,2020-01-18,45,181,male,190
142.0,311,42.9,4892.0,2020-01-19 14:42:54,5.289531,11.288194082840237,318.91726644499715,p14,41.83,2020-01-19,45,181,male,190
139.0,395,60.88333333333333,6129.0,2019-12-27 10:06:07,5.287085,8.482477970627503,424.4042852178118,p14,46.03,2019-12-27,45,181,male,190
161.0,279,33.56666666666667,4095.0,2020-01-05 11:45:04,4.422882,11.282974576271187,319.06479764396784,p14,47.35,2020-01-05,45,181,male,190
154.0,270,38.1,4082.0,2020-01-08 09:58:31,4.08439,10.348193684210527,347.88680129682433,p14,50.02,2020-01-08,45,181,male,190
119.0,1345,134.28333333333333,11870.0,2019-12-22 10:35:43,13.1125,5.797278847348155,620.9809972564534,p15,51.38,2019-12-22,54,180,male,160
88.0,1059,233.56666666666666,10855.0,2020-02-04 15:25:52,7.463109,2.186533025860649,1646.4420877352131,p15,47.66,2020-02-04,54,180,male,160
112.0,1466,155.4,12130.0,2020-02-06 12:12:18,13.165242,5.047160605085291,713.2723290740545,p15,46.85,2020-02-06,54,180,male,160
111.0,1454,169.4,11482.0,2020-02-07 12:12:18,11.666789,4.086038968706948,881.048866046239,p15,47.13,2020-02-07,54,180,male,160
113.0,303,32.733333333333334,2842.0,2020-02-08 10:43:50,2.924328,5.255889964340295,684.9458463599822,p15,46.21,2020-02-08,54,180,male,160
91.0,970,141.41666666666666,12220.0,2020-02-09 08:39:59,7.615625,3.9617050422617313,908.6996537088903,p15,47.35,2020-02-09,54,180,male,160
113.0,1219,135.88333333333333,14943.0,2020-02-15 08:37:42,9.93257,4.946588891989952,727.7742457695456,p15,38.78,2020-02-15,54,180,male,160
111.0,1003,108.93333333333334,9057.0,2020-02-17 10:37:34,6.558257,3.6133608815427,996.3023672473602,p15,43.87,2020-02-17,54,180,male,160
114.0,1482,157.66666666666666,13161.0,2020-02-18 11:19:20,13.809609,5.2385195052331115,687.2170651276026,p15,51.11,2020-02-18,54,180,male,160
121.0,1221,123.33333333333333,9981.0,2020-02-19 11:41:15,11.343671,5.4435825334595105,661.3291849388246,p15,48.71,2020-02-19,54,180,male,160
110.0,798,84.81666666666666,8062.0,2020-02-20 08:46:11,8.409296,5.860668370355809,614.2644102180174,p15,48.63,2020-02-20,54,180,male,160
117.0,1627,167.85,14550.0,2020-02-21 11:29:31,15.76246,5.589291360476664,644.0888062226526,p15,53.24,2020-02-21,54,180,male,160
109.0,1106,124.76666666666667,8539.0,2020-02-22 14:12:38,8.986789,4.252377338321754,846.5852659775435,p15,45.49,2020-02-22,54,180,male,160
120.0,1273,126.26666666666667,10972.0,2020-02-02 09:39:49,11.832335,5.596481183150666,643.261342651973,p15,52.7,2020-02-02,54,180,male,160
124.0,1062,101.85,9128.0,2020-02-01 09:53:54,10.282445,5.990428290766208,600.9587003235023,p15,47.29,2020-02-01,54,180,male,160
126.0,829,78.83333333333333,7404.0,2020-01-31 10:41:50,7.919453,5.996611675126903,600.3390239411851,p15,54.96,2020-01-31,54,180,male,160
125.0,1740,165.41666666666666,15465.0,2020-01-16 11:03:32,17.220757,6.183001814150372,582.2414594414425,p15,42.15,2020-01-16,54,180,male,160
131.0,597,54.483333333333334,5164.0,2020-01-17 11:49:21,5.589304,6.12726170798898,587.538148616399,p15,46.97,2020-01-17,54,180,male,160
126.0,1206,117.6,9934.0,2020-01-18 11:02:05,11.333914,5.702980859208847,631.248830896377,p15,48.39,2020-01-18,54,180,male,160
139.0,997,114.31666666666666,10347.0,2020-01-21 14:38:39,7.043179,5.037188626351623,714.6843739714069,p15,40.49,2020-01-21,54,180,male,160
90.0,1228,164.86666666666667,16057.0,2020-01-26 08:40:12,11.388921,4.099391708796764,878.1790703910694,p15,54.52,2020-01-26,54,180,male,160
142.0,917,100.18333333333334,9965.0,2020-01-28 14:52:17,5.947078,4.919335203366059,731.8061996541112,p15,38.96,2020-01-28,54,180,male,160
117.0,899,92.7,8572.0,2020-01-30 11:00:28,9.520078,6.137226119805721,586.5842205784592,p15,44.07,2020-01-30,54,180,male,160
88.0,1179,184.56666666666666,16254.0,2020-02-23 09:23:41,11.288382,4.070832072617247,884.3400896381029,p15,45.53,2020-02-23,54,180,male,160
115.0,1534,159.7,14339.0,2020-03-14 10:06:12,13.584554,5.105780144065143,705.0832386867595,p15,48.54,2020-03-14,54,180,male,160
122.0,1247,119.91666666666667,10903.0,2020-03-13 11:27:56,10.873109,5.441845683303212,661.5402584909009,p15,48.23,2020-03-13,54,180,male,160
112.0,1503,173.21666666666667,12756.0,2020-02-29 11:21:31,13.071,4.485708786449813,802.5487545858274,p15,47.35,2020-02-29,54,180,male,160
99.0,1272,167.23333333333332,11722.0,2020-03-01 12:05:01,10.879046,3.8653564593301435,931.3500676788477,p15,46.97,2020-03-01,54,180,male,160
108.0,1128,121.75,10047.0,2020-03-05 05:27:25,10.827664,5.338529371491168,674.3430164915326,p15,51.6,2020-03-05,54,180,male,160
120.0,1863,192.86666666666667,18312.0,2020-03-06 08:56:08,13.189468,4.104606846473029,877.0632936729072,p15,50.52,2020-03-06,54,180,male,160
83.0,1615,346.23333333333335,11883.0,2020-03-12 10:16:47,8.8705,1.53720034658708,2341.919846682825,p15,53.89,2020-03-12,54,180,male,160
123.0,1197,116.96666666666667,10666.0,2020-01-19 09:59:44,11.481382,5.8299837537409145,617.4974325940436,p15,44.46,2020-01-19,54,180,male,160
115.0,579,69.7,5984.0,2019-11-28 11:00:30,7.044867,6.548285714285714,549.7622060299315,p15,55.34,2019-11-28,54,180,male,160
124.0,815,81.73333333333333,7659.0,2019-11-29 09:58:28,8.740039,6.297172582619339,571.68514166759,p15,54.96,2019-11-29,54,180,male,160
128.0,699,75.2,6340.0,2019-11-30 09:43:33,6.973968,6.057015199034982,594.3521489880958,p15,49.42,2019-11-30,54,180,male,160
100.0,585,73.33333333333333,6277.0,2019-12-06 13:59:22,6.893664,5.594431105047749,643.4970656358228,p15,50.72,2019-12-06,54,180,male,160
112.0,604,70.36666666666666,6307.0,2019-12-08 09:56:21,6.9075,5.817369668246445,618.8363823001063,p15,53.28,2019-12-08,54,180,male,160
114.0,485,59.81666666666667,4987.0,2019-11-15 13:22:28,5.775945,6.374676125848242,564.7345730087532,p15,44.09,2019-11-15,54,180,male,160
116.0,319,35.6,3108.0,2019-11-16 12:35:17,3.536929,6.471759259259258,556.2629658773875,p15,38.78,2019-11-16,54,180,male,160
99.0,737,114.0,10290.0,2019-11-23 08:43:44,6.941484,4.7647973881313614,755.5410454528966,p15,45.82,2019-11-23,54,180,male,160
109.0,693,82.06666666666666,7072.0,2019-12-07 13:30:51,7.371898,5.344426829268293,673.5988937644183,p15,44.86,2019-12-07,54,180,male,160
116.0,1523,162.15,13835.0,2019-12-27 10:03:57,15.48432,5.667059525033412,635.2500770633383,p15,45.49,2019-12-27,54,180,male,160
110.0,631,74.11666666666666,5633.0,2019-12-29 10:54:45,5.689781,4.552643419572553,790.7493884812097,p15,56.13,2019-12-29,54,180,male,160
121.0,1381,133.93333333333334,11722.0,2019-12-30 08:53:52,12.14371,5.477194233687405,657.2708299914309,p15,47.35,2019-12-30,54,180,male,160
122.0,1519,147.75,13268.0,2020-01-01 09:17:14,13.801015,5.539888500169281,649.8325733252565,p15,45.49,2020-01-01,54,180,male,160
128.0,876,79.56666666666666,7434.0,2020-01-03 10:04:20,8.1355,6.017822529893015,598.2230253745953,p15,52.56,2020-01-03,54,180,male,160
88.0,1010,150.8,13139.0,2020-01-05 09:11:04,8.684773,3.6489050200329953,986.5973436511777,p15,45.84,2020-01-05,54,180,male,160
127.0,766,71.15,5989.0,2020-01-10 14:14:17,6.569742,5.465238921453692,658.7086222101412,p15,43.87,2020-01-10,54,180,male,160
115.0,1185,128.88333333333333,8918.0,2020-01-11 09:43:11,8.755359,4.050333031440031,888.8158015786859,p15,49.9,2020-01-11,54,180,male,160
134.0,1478,131.81666666666666,9587.0,2020-01-12 10:08:30,10.546734,4.751840647527507,757.6011627984965,p15,49.71,2020-01-12,54,180,male,160
113.0,504,57.28333333333333,4137.0,2019-12-26 10:35:04,4.703859,4.885808746355686,736.8278593969181,p15,47.66,2019-12-26,54,180,male,160
118.0,1771,180.08333333333334,16399.0,2019-12-25 10:47:07,18.039468,5.94251930019439,605.8036698142887,p15,54.85,2019-12-25,54,180,male,160
129.0,1367,123.73333333333333,11346.0,2019-12-31 10:29:09,12.220632,5.856368633791432,614.715402173949,p15,45.72,2019-12-31,54,180,male,160
120.0,1646,161.76666666666668,13955.0,2019-12-23 09:46:56,14.464453,5.31747789343502,677.0126876210571,p15,46.2,2019-12-23,54,180,male,160
72.0,2340,865.0166666666667,16693.0,2019-12-14 08:35:10,8.56554,0.6142495966215813,5860.809709603831,p15,44.24,2019-12-14,54,180,male,160
102.0,723,106.66666666666667,10235.0,2019-12-15 08:35:16,6.95121,5.0666224032586555,710.5325231429559,p15,45.5,2019-12-15,54,180,male,160
121.0,922,85.33333333333333,11107.0,2019-12-21 08:48:13,7.84482,5.469931196247068,658.1435617453411,p15,44.0,2019-12-21,54,180,male,160
