avgHR,calories,duration,steps,distance,speed,pace,user_id,vo2Max,date,Age,Height,Gender,MaxHR,weight,alcohol_consumed,sleep,sleep_quality
155.0,714,41.23,6723.0,6.81,9.87,364.62,p01,46.92,2020-01-25,48,195,male,182,100,No,6.45,97.0
139.0,752,52.78,7150.0,7.07,8.7,413.73,p01,48.72,2020-01-18,48,195,male,182,100,No,5.18,99.0
152.0,567,35.73,4963.0,5.31,9.45,380.8,p01,45.72,2020-02-10,48,195,male,182,100,No,5.45,99.0
147.0,815,50.72,7469.0,7.14,8.83,407.67,p01,41.83,2020-01-04,48,195,male,182,100,No,7.65,99.0
163.0,454,26.43,3913.0,3.86,9.43,381.83,p01,44.86,2019-12-26,48,195,male,182,100,No,6.77,96.0
141.0,461,30.17,3981.0,3.99,7.8,461.55,p01,47.13,2019-11-23,48,195,male,182,100,No,5.93,98.0
144.0,396,24.42,3901.0,3.85,9.34,385.36,p01,47.38,2019-11-05,48,195,male,182,100,No,5.43,99.0
146.0,339,21.07,3384.0,3.45,9.71,370.62,p01,47.01,2019-11-11,48,195,male,182,100,No,5.3,97.0
150.0,493,31.68,4671.0,4.27,8.79,409.63,p01,44.46,2020-03-05,48,195,male,182,100,No,5.97,97.0
145.0,416,29.3,3815.0,3.98,9.55,377.12,p01,48.54,2020-03-14,48,195,male,182,100,No,7.43,98.0
159.0,486,28.62,4056.0,3.71,8.25,436.59,p01,44.07,2020-02-26,48,195,male,182,100,No,4.93,97.0
133.0,283,35.03,2519.0,2.39,7.2,499.9,p01,46.69,2020-02-21,48,195,male,182,100,No,4.38,98.0
131.0,1035,81.08,10783.0,9.28,7.39,486.87,p02,53.6,2019-12-13,60,180,male,169,91,No,6.15,99.0
121.0,1088,101.6,8859.0,6.52,4.3,836.58,p02,49.42,2019-12-08,60,180,male,169,91,Yes,5.85,94.0
147.0,864,60.17,8064.0,7.07,7.61,473.28,p02,45.82,2019-11-13,60,180,male,169,91,No,5.98,98.0
142.0,1211,81.02,11880.0,10.43,7.82,460.45,p02,45.5,2019-11-11,60,180,male,169,91,No,6.38,91.0
136.0,544,71.92,10034.0,9.36,8.19,439.64,p02,56.13,2019-11-06,60,180,male,169,91,No,6.45,93.0
140.0,553,38.73,5548.0,5.01,7.82,460.61,p02,46.03,2019-11-27,60,180,male,169,91,No,6.18,92.0
130.0,1062,87.58,11350.0,10.15,7.66,470.03,p02,64.64,2019-11-25,60,180,male,169,91,No,6.97,96.0
153.0,591,37.63,5635.0,5.16,8.25,436.27,p02,51.07,2019-11-18,60,180,male,169,91,No,5.63,96.0
147.0,1062,71.18,10211.0,8.81,7.69,468.07,p02,48.39,2019-11-16,60,180,male,169,91,No,6.55,92.0
129.0,998,87.98,8014.0,5.57,4.08,883.18,p02,54.52,2020-02-16,60,180,male,169,91,No,5.1,93.0
93.0,105,77.37,1295.0,0.9,4.1,878.65,p02,49.23,2020-02-15,60,180,male,169,91,No,5.78,91.0
147.0,1196,83.78,11288.0,9.68,7.49,480.86,p02,50.02,2020-02-27,60,180,male,169,91,No,6.13,91.0
128.0,1375,113.75,10810.0,11.09,6.17,583.18,p02,38.78,2020-03-19,60,180,male,169,91,Yes,6.9,98.0
128.0,1671,140.55,12612.0,9.55,4.44,811.02,p02,38.78,2020-03-23,60,180,male,169,91,No,7.13,99.0
136.0,1333,130.1,10570.0,8.36,5.11,704.17,p02,45.53,2020-03-14,60,180,male,169,91,No,8.4,89.0
144.0,1238,86.58,12357.0,11.26,8.1,444.48,p02,49.72,2020-01-27,60,180,male,169,91,No,6.0,95.0
140.0,761,71.1,7582.0,6.92,7.93,453.95,p02,47.13,2020-01-14,60,180,male,169,91,No,5.58,99.0
139.0,1038,74.17,10134.0,9.12,7.69,468.02,p02,46.2,2020-01-10,60,180,male,169,91,Yes,6.25,91.0
130.0,513,71.75,4977.0,4.2,6.4,562.27,p02,51.52,2020-01-21,60,180,male,169,91,No,5.97,100.0
144.0,1142,77.75,11077.0,9.6,7.65,470.34,p02,64.98,2020-01-17,60,180,male,169,91,No,3.88,97.0
141.0,652,44.02,6522.0,5.91,8.14,442.2,p02,42.15,2019-12-24,60,180,male,169,91,Yes,6.95,98.0
145.0,1142,77.25,11023.0,9.56,7.62,472.19,p02,49.78,2019-12-20,60,180,male,169,91,No,6.2,97.0
134.0,1011,105.4,9104.0,7.67,6.36,566.26,p02,54.09,2020-01-07,60,180,male,169,91,No,6.35,93.0
135.0,628,71.28,6013.0,5.45,7.58,475.14,p02,46.69,2019-12-28,60,180,male,169,91,No,6.9,91.0
134.0,914,77.67,9070.0,7.56,6.83,527.31,p02,40.03,2020-01-23,60,180,male,169,91,No,4.63,93.0
148.0,455,59.38,8790.0,8.14,8.62,417.73,p04,42.32,2019-12-23,26,163,female,195,58,Yes,8.15,89.0
155.0,294,39.88,5103.0,5.45,9.59,375.22,p04,48.23,2020-01-08,26,163,female,195,58,Yes,1.53,97.0
154.0,428,51.23,7582.0,8.26,10.25,351.12,p04,53.67,2020-01-20,26,163,female,195,58,Yes,7.88,96.0
155.0,297,35.28,5196.0,5.78,10.4,346.07,p04,45.53,2020-01-17,26,163,female,195,58,No,8.38,91.0
163.0,442,53.32,7415.0,8.05,10.45,344.52,p04,54.62,2020-01-14,26,163,female,195,58,Yes,6.73,90.0
119.0,96,20.85,1974.0,1.74,6.84,526.23,p04,57.08,2020-01-13,26,163,female,195,58,No,1.18,99.0
146.0,276,36.03,4917.0,5.31,9.67,372.31,p04,55.69,2020-01-12,26,163,female,195,58,No,7.83,94.0
153.0,400,52.05,7042.0,7.23,9.17,392.64,p04,46.97,2020-01-09,26,163,female,195,58,Yes,1.32,95.0
153.0,182,22.0,3225.0,2.86,8.22,437.96,p04,37.68,2019-11-17,26,163,female,195,58,No,5.88,94.0
135.0,359,49.68,7352.0,6.45,7.8,461.35,p04,46.67,2019-11-25,26,163,female,195,58,No,7.62,92.0
137.0,107,15.93,2223.0,2.07,8.01,449.17,p04,42.15,2019-11-22,26,163,female,195,58,Yes,6.7,91.0
148.0,275,34.53,5286.0,5.01,8.8,409.25,p04,38.77,2019-11-18,26,163,female,195,58,No,7.35,94.0
158.0,314,36.0,5631.0,5.21,8.78,409.91,p04,42.15,2019-11-28,26,163,female,195,58,No,6.8,94.0
148.0,291,37.05,5650.0,4.57,7.43,484.4,p04,45.82,2019-12-16,26,163,female,195,58,No,1.02,95.0
131.0,271,39.13,5821.0,4.71,7.23,497.71,p04,42.1,2019-12-12,26,163,female,195,58,Yes,6.0,94.0
161.0,346,41.17,5564.0,1.16,1.8,2003.36,p04,54.62,2019-12-10,26,163,female,195,58,No,8.07,91.0
145.0,308,39.58,5992.0,6.26,9.96,361.42,p04,38.96,2020-01-21,26,163,female,195,58,Yes,8.8,96.0
154.0,262,31.63,4756.0,4.85,9.21,390.77,p04,45.29,2020-03-09,26,163,female,195,58,Yes,7.28,93.0
157.0,391,45.9,6732.0,6.35,8.56,420.51,p04,41.63,2020-02-27,26,163,female,195,58,Yes,7.35,91.0
146.0,363,46.3,7111.0,7.3,9.58,375.67,p04,45.84,2020-03-13,26,163,female,195,58,No,7.92,95.0
153.0,440,52.55,7793.0,7.68,9.07,396.79,p04,40.7,2020-03-26,26,163,female,195,58,No,7.85,91.0
152.0,374,53.72,6757.0,6.52,8.61,418.13,p04,50.35,2020-03-25,26,163,female,195,58,Yes,1.05,91.0
158.0,31,4.05,595.0,0.57,8.75,411.49,p04,39.51,2020-03-23,26,163,female,195,58,Yes,8.25,95.0
158.0,263,31.5,4575.0,4.7,9.58,375.91,p04,46.21,2020-03-18,26,163,female,195,58,Yes,7.13,95.0
146.0,269,40.12,5365.0,5.49,9.44,381.47,p04,44.09,2020-02-01,26,163,female,195,58,Yes,1.98,100.0
157.0,241,30.32,4454.0,5.04,10.93,329.47,p04,45.09,2020-01-27,26,163,female,195,58,Yes,7.98,97.0
155.0,374,51.7,7152.0,8.22,11.06,325.5,p04,45.29,2020-01-24,26,163,female,195,58,No,6.83,98.0
135.0,320,50.17,5957.0,5.4,7.25,496.33,p04,42.1,2020-01-23,26,163,female,195,58,Yes,6.62,93.0
153.0,226,27.75,4410.0,5.06,10.95,328.88,p04,46.21,2020-02-03,26,163,female,195,58,Yes,6.52,95.0
145.0,241,32.78,4749.0,4.93,9.28,387.99,p04,50.49,2020-02-17,26,163,female,195,58,No,6.1,93.0
147.0,324,41.5,6075.0,5.6,8.31,433.05,p04,41.83,2019-11-13,26,163,female,195,58,No,6.83,95.0
137.0,50,8.35,1053.0,0.88,6.5,553.43,p04,33.46,2019-12-20,26,163,female,195,58,Yes,1.17,97.0
116.0,71,12.2,1353.0,1.16,5.72,629.74,p04,42.15,2019-11-12,26,163,female,195,58,No,7.37,95.0
107.0,412,51.4,4687.0,3.45,4.42,815.19,p05,50.78,2020-01-02,35,176,male,184,100,No,6.8,96.0
111.0,479,45.93,5142.0,3.8,5.01,717.89,p05,54.62,2019-12-12,35,176,male,184,100,No,5.88,94.0
142.0,408,28.77,4283.0,3.7,7.76,463.86,p05,38.96,2019-11-07,35,176,male,184,100,No,5.38,91.0
104.0,376,47.12,3888.0,2.75,4.12,874.23,p05,64.64,2020-01-25,35,176,male,184,100,No,5.43,96.0
142.0,613,40.13,6626.0,6.7,10.04,358.62,p06,47.46,2019-11-20,42,179,male,181,94,No,6.07,98.0
144.0,474,32.23,4985.0,4.54,9.02,399.21,p06,44.26,2019-11-24,42,179,male,181,94,Yes,3.18,95.0
169.0,793,43.75,7385.0,7.19,9.88,364.27,p06,43.44,2019-11-05,42,179,male,181,94,No,6.57,98.0
153.0,662,39.38,6769.0,7.0,10.64,338.48,p06,46.85,2019-11-04,42,179,male,181,94,No,6.52,97.0
128.0,158,17.83,1651.0,1.38,6.53,551.46,p06,40.03,2020-01-30,42,179,male,181,94,Yes,6.7,100.0
123.0,117,10.37,1182.0,0.91,5.81,619.21,p06,38.77,2020-02-05,42,179,male,181,94,No,5.07,99.0
163.0,411,23.68,4065.0,4.27,10.86,331.6,p06,45.81,2020-02-11,42,179,male,181,94,No,5.67,100.0
144.0,434,27.88,4770.0,5.01,10.76,334.65,p06,50.02,2020-03-26,42,179,male,181,94,No,6.4,97.0
152.0,425,28.42,4582.0,5.0,11.48,313.7,p06,49.89,2020-03-30,42,179,male,181,94,No,6.17,97.0
140.0,615,41.12,6821.0,6.2,9.01,399.41,p06,47.29,2020-02-17,42,179,male,181,94,Yes,5.08,100.0
145.0,582,40.35,6449.0,6.19,9.43,381.96,p06,47.9,2020-01-06,42,179,male,181,94,No,6.0,99.0
144.0,558,38.03,6315.0,6.2,9.66,372.5,p06,46.97,2020-01-03,42,179,male,181,94,Yes,6.07,98.0
150.0,638,40.35,6495.0,6.52,9.75,369.05,p06,45.49,2019-12-09,42,179,male,181,94,No,5.28,99.0
157.0,410,27.37,4230.0,4.32,10.4,346.1,p06,46.67,2020-03-21,42,179,male,181,94,No,5.48,100.0
153.0,435,27.35,4539.0,4.35,9.56,376.42,p06,45.18,2020-03-18,42,179,male,181,94,No,6.67,100.0
147.0,411,26.43,4543.0,4.34,9.88,364.4,p06,47.29,2020-02-21,42,179,male,181,94,Yes,6.22,98.0
139.0,444,29.82,4921.0,4.75,9.42,382.0,p06,48.63,2020-02-24,42,179,male,181,94,No,6.42,98.0
152.0,589,39.08,6040.0,6.01,9.86,365.08,p06,44.61,2020-02-26,42,179,male,181,94,No,6.63,97.0
152.0,442,30.43,4880.0,5.06,10.73,335.5,p06,47.27,2020-03-11,42,179,male,181,94,No,5.62,98.0
151.0,317,25.5,3402.0,3.46,10.38,346.68,p06,47.35,2020-03-09,42,179,male,181,94,No,6.75,94.0
140.0,572,41.15,6480.0,6.29,9.67,372.31,p06,48.74,2020-02-27,42,179,male,181,94,No,5.97,96.0
151.0,1694,148.33,24119.0,25.49,10.56,340.75,p07,55.69,2019-12-08,26,177,male,180,67,No,1.08,93.0
147.0,757,71.5,10405.0,11.19,10.25,351.05,p07,56.13,2019-12-24,26,177,male,180,67,No,7.27,95.0
145.0,1165,102.08,16470.0,18.43,10.84,332.21,p07,44.09,2019-11-17,26,177,male,180,67,Yes,3.97,90.0
136.0,895,85.12,13897.0,15.6,11.0,327.14,p07,46.97,2019-11-24,26,177,male,180,67,No,3.92,90.0
150.0,710,63.5,9563.0,10.68,10.46,344.18,p07,49.91,2020-03-16,26,177,male,180,67,No,8.07,98.0
114.0,89,11.28,1264.0,1.37,7.32,491.98,p07,64.98,2020-03-17,26,177,male,180,67,No,7.78,95.0
130.0,223,23.08,3641.0,4.06,10.57,340.55,p07,64.64,2020-03-18,26,177,male,180,67,No,7.48,95.0
171.0,551,41.35,6715.0,7.61,11.05,325.77,p07,33.46,2020-03-20,26,177,male,180,67,No,7.5,96.0
139.0,557,54.52,7873.0,8.82,10.12,355.88,p07,63.53,2020-03-14,26,177,male,180,67,No,7.73,95.0
163.0,906,70.48,11639.0,13.33,11.36,316.84,p07,53.28,2020-03-21,26,177,male,180,67,No,7.93,95.0
140.0,833,83.33,10071.0,11.31,8.16,441.3,p07,48.74,2020-03-24,26,177,male,180,67,No,8.08,97.0
146.0,625,56.18,8893.0,10.03,10.72,335.87,p07,50.53,2020-03-26,26,177,male,180,67,No,6.9,92.0
155.0,849,72.65,9983.0,10.91,9.3,387.27,p07,45.81,2020-03-23,26,177,male,180,67,No,8.38,96.0
114.0,1725,546.28,13984.0,14.95,1.64,2193.08,p07,56.36,2020-01-04,26,177,male,180,67,No,7.55,89.0
142.0,797,60.0,9026.0,10.93,11.19,321.74,p08,54.09,2020-03-18,27,186,male,200,86,Yes,6.93,94.0
130.0,1127,101.4,13435.0,14.45,9.74,369.78,p08,55.33,2020-03-17,27,186,male,200,86,No,7.08,96.0
136.0,929,74.12,10472.0,11.67,9.84,366.0,p08,49.78,2020-03-15,27,186,male,200,86,No,8.7,97.0
148.0,615,43.22,6460.0,7.83,11.05,325.78,p08,53.81,2020-03-12,27,186,male,200,86,No,7.55,93.0
128.0,1176,103.97,14529.0,16.33,10.27,350.48,p08,55.11,2020-03-19,27,186,male,200,86,No,7.82,95.0
148.0,771,56.55,8316.0,10.08,11.19,321.71,p08,53.6,2020-03-21,27,186,male,200,86,No,8.0,94.0
146.0,1147,80.32,12640.0,15.04,11.23,320.43,p08,54.96,2020-03-22,27,186,male,200,86,No,8.52,95.0
143.0,899,65.55,10036.0,12.73,12.02,299.38,p08,56.3,2020-03-26,27,186,male,200,86,No,7.17,96.0
148.0,1619,109.58,17606.0,20.19,11.06,325.56,p08,64.98,2020-03-28,27,186,male,200,86,No,9.12,96.0
146.0,1669,128.7,18316.0,21.2,10.78,334.1,p08,55.34,2020-03-30,27,186,male,200,86,No,6.53,95.0
150.0,684,46.43,7228.0,7.97,10.29,349.99,p08,52.2,2020-01-02,27,186,male,200,86,No,6.45,98.0
110.0,138,13.85,1737.0,1.44,6.26,575.15,p08,46.2,2019-12-08,27,186,male,200,86,No,8.37,93.0
137.0,175,13.08,1945.0,1.79,8.28,434.95,p08,48.71,2019-12-04,27,186,male,200,86,No,6.67,95.0
138.0,170,12.48,1885.0,1.81,8.73,412.37,p08,49.9,2019-12-02,27,186,male,200,86,No,6.85,94.0
148.0,610,41.57,6535.0,7.13,10.3,349.56,p08,50.35,2020-01-01,27,186,male,200,86,Yes,5.4,91.0
134.0,750,56.15,8835.0,10.93,11.58,310.83,p08,57.08,2019-12-30,27,186,male,200,86,Yes,8.73,96.0
156.0,788,51.45,8014.0,9.96,11.51,312.79,p08,53.3,2019-12-27,27,186,male,200,86,Yes,8.72,95.0
142.0,612,44.3,6936.0,6.9,9.35,385.06,p08,45.82,2019-12-22,27,186,male,200,86,Yes,7.33,90.0
138.0,870,74.48,10278.0,10.99,10.02,359.37,p08,53.28,2019-12-21,27,186,male,200,86,No,7.22,96.0
180.0,1647,95.32,14715.0,16.17,10.77,334.28,p08,46.03,2020-01-04,27,186,male,200,86,No,7.1,92.0
107.0,122,15.18,1606.0,1.39,6.25,576.46,p08,49.91,2019-12-01,27,186,male,200,86,No,7.48,93.0
130.0,112,10.9,1527.0,1.46,8.85,406.87,p08,50.49,2019-11-20,27,186,male,200,86,No,7.05,90.0
157.0,780,50.53,7756.0,5.79,6.88,523.3,p08,54.09,2019-11-18,27,186,male,200,86,No,7.18,92.0
133.0,1340,104.98,15795.0,11.83,6.82,527.89,p08,55.34,2019-11-17,27,186,male,200,86,No,8.18,90.0
147.0,173,12.52,1843.0,1.78,8.71,413.19,p08,47.66,2019-11-21,27,186,male,200,86,No,7.28,91.0
153.0,749,65.05,6922.0,4.15,4.94,728.46,p08,46.39,2019-11-12,27,186,male,200,86,No,6.82,91.0
131.0,125,15.92,1548.0,1.75,10.05,358.29,p08,54.85,2019-11-30,27,186,male,200,86,Yes,8.32,94.0
115.0,65,7.83,811.0,0.7,5.59,644.01,p08,46.99,2019-11-27,27,186,male,200,86,No,7.48,93.0
132.0,151,12.4,1839.0,1.88,9.29,387.67,p08,51.07,2019-11-23,27,186,male,200,86,No,9.45,94.0
136.0,159,12.05,1851.0,1.82,9.1,395.51,p08,51.81,2020-01-05,27,186,male,200,86,No,7.17,96.0
142.0,178,12.75,1946.0,1.82,8.63,417.23,p08,49.67,2020-01-06,27,186,male,200,86,No,6.65,91.0
134.0,164,15.2,1978.0,1.94,8.11,444.09,p08,51.5,2020-02-23,27,186,male,200,86,No,8.7,98.0
120.0,170,18.35,1993.0,1.87,6.77,531.44,p08,50.9,2020-02-21,27,186,male,200,86,No,5.97,96.0
127.0,106,12.6,1263.0,1.15,6.78,531.18,p08,51.5,2020-02-18,27,186,male,200,86,No,7.57,93.0
143.0,708,52.8,8098.0,9.75,11.08,325.02,p08,54.52,2020-02-15,27,186,male,200,86,No,8.12,98.0
143.0,584,42.17,6597.0,8.11,11.39,315.96,p08,55.07,2020-02-13,27,186,male,200,86,No,6.93,96.0
149.0,95,8.42,1179.0,1.35,10.49,343.21,p08,52.56,2020-02-12,27,186,male,200,86,No,7.18,93.0
105.0,139,21.78,1821.0,1.5,5.86,614.18,p08,46.21,2020-03-06,27,186,male,200,86,No,7.18,96.0
119.0,142,14.38,1772.0,1.52,6.56,548.67,p08,49.42,2020-03-05,27,186,male,200,86,No,7.47,95.0
141.0,134,9.6,1470.0,1.73,11.08,324.91,p08,52.96,2020-03-03,27,186,male,200,86,No,6.67,90.0
124.0,993,92.63,9794.0,10.86,7.43,484.81,p08,51.11,2020-02-28,27,186,male,200,86,No,7.48,95.0
139.0,129,10.05,1541.0,1.69,10.1,356.34,p08,51.6,2020-02-11,27,186,male,200,86,No,7.68,90.0
146.0,151,10.77,1604.0,1.78,10.08,357.24,p08,51.52,2020-02-01,27,186,male,200,86,No,8.25,96.0
139.0,776,61.15,8796.0,10.22,10.36,347.61,p08,53.24,2020-01-31,27,186,male,200,86,No,7.78,93.0
144.0,177,12.6,1776.0,1.75,8.34,431.56,p08,50.35,2020-01-23,27,186,male,200,86,No,7.18,97.0
139.0,183,12.55,1855.0,1.8,8.55,420.98,p08,48.18,2020-01-21,27,186,male,200,86,No,7.45,92.0
144.0,771,53.92,8444.0,8.85,9.86,365.24,p08,51.38,2020-01-10,27,186,male,200,86,No,7.77,94.0
140.0,849,64.53,9501.0,11.15,10.61,339.25,p08,53.89,2020-01-07,27,186,male,200,86,No,6.5,95.0
139.0,227,23.62,2208.0,1.96,7.03,511.92,p08,48.46,2020-02-02,27,186,male,200,86,Yes,9.42,95.0
126.0,126,10.98,1451.0,1.33,7.62,472.24,p08,50.35,2020-02-09,27,186,male,200,86,No,7.8,96.0
116.0,143,14.5,1746.0,1.41,5.76,625.5,p08,51.6,2020-02-08,27,186,male,200,86,No,8.92,94.0
142.0,767,58.13,8707.0,10.09,10.65,337.97,p08,54.62,2020-02-25,27,186,male,200,86,No,7.43,95.0
131.0,1005,87.67,8988.0,9.64,6.9,521.37,p08,44.07,2020-02-07,27,186,male,200,86,No,7.7,92.0
137.0,178,14.92,1940.0,1.85,8.42,427.68,p08,48.39,2020-02-04,27,186,male,200,86,No,6.92,95.0
138.0,169,13.35,1919.0,1.83,8.5,423.76,p08,49.23,2020-02-06,27,186,male,200,86,No,7.12,98.0
144.0,540,39.62,5528.0,5.6,8.78,410.12,p09,46.03,2019-12-03,26,180,male,183,93,No,5.3,95.0
166.0,565,43.23,5115.0,3.91,6.62,543.76,p09,37.2,2020-01-07,26,180,male,183,93,No,5.77,93.0
148.0,206,127.27,3308.0,3.14,8.54,421.77,p10,64.98,2020-02-12,38,179,female,197,80,No,8.0,90.0
134.0,279,33.0,4549.0,3.8,6.92,520.23,p10,40.03,2020-02-20,38,179,female,197,80,No,8.22,91.0
168.0,307,26.77,4375.0,4.36,9.79,367.66,p10,48.72,2019-11-10,38,179,female,197,80,No,7.77,88.0
172.0,446,33.62,5109.0,6.22,11.32,318.0,p12,48.39,2019-11-25,27,178,male,180,68,No,7.0,95.0
170.0,344,25.8,3841.0,4.49,10.45,344.41,p12,48.51,2019-12-06,27,178,male,180,68,No,7.0,95.0
171.0,471,34.78,5254.0,6.26,10.82,332.83,p12,48.74,2019-11-18,27,178,male,180,68,No,7.0,95.0
169.0,267,19.93,3048.0,3.71,11.21,321.27,p12,45.49,2019-11-27,27,178,male,180,68,No,7.0,95.0
150.0,494,38.25,5561.0,6.2,10.69,336.85,p13,38.78,2020-02-18,31,183,male,186,85,No,7.0,94.0
165.0,400,25.52,4080.0,4.56,10.76,334.73,p13,48.51,2020-01-07,31,183,male,186,85,No,6.85,93.0
146.0,306,21.9,3223.0,3.4,9.21,391.03,p13,50.72,2020-01-02,31,183,male,186,85,No,6.87,95.0
154.0,287,31.27,4739.0,4.16,8.25,436.49,p13,48.71,2019-11-11,31,183,male,186,85,No,7.0,94.0
146.0,276,34.5,4313.0,4.62,11.2,321.35,p14,51.6,2020-03-25,45,181,male,190,72,No,9.17,96.0
143.0,312,35.37,4394.0,4.7,10.98,328.01,p14,49.91,2020-03-24,45,181,male,190,72,No,7.18,94.0
151.0,311,35.73,4438.0,3.82,8.89,405.0,p14,47.38,2020-03-13,45,181,male,190,72,No,7.0,93.0
148.0,1022,113.45,14898.0,16.15,11.25,320.11,p14,49.91,2020-03-21,45,181,male,190,72,No,5.57,98.0
154.0,553,62.02,7763.0,6.69,9.05,397.76,p14,52.7,2020-03-19,45,181,male,190,72,No,5.65,95.0
152.0,314,36.18,4308.0,3.71,8.92,403.6,p14,45.29,2020-03-17,45,181,male,190,72,No,7.0,93.0
146.0,442,50.0,6463.0,5.59,8.87,405.85,p14,42.1,2020-03-15,45,181,male,190,72,Yes,7.0,93.0
145.0,818,92.25,12309.0,10.65,8.97,401.16,p14,44.61,2020-03-14,45,181,male,190,72,No,8.8,93.0
158.0,326,34.97,4538.0,4.93,11.14,323.09,p14,47.13,2020-03-22,45,181,male,190,72,Yes,7.37,98.0
137.0,293,45.08,4979.0,4.29,8.79,409.69,p14,48.74,2020-03-09,45,181,male,190,72,No,5.68,91.0
142.0,638,73.22,9305.0,8.2,8.63,417.09,p14,49.9,2020-03-08,45,181,male,190,72,Yes,7.0,93.0
148.0,365,45.03,5067.0,5.04,9.75,369.28,p14,49.23,2020-01-22,45,181,male,190,72,Yes,5.5,89.0
140.0,306,44.35,4971.0,4.94,10.08,357.01,p14,48.72,2020-01-23,45,181,male,190,72,No,5.17,92.0
143.0,216,31.27,3239.0,3.19,9.95,361.73,p14,40.76,2020-01-25,45,181,male,190,72,No,9.23,92.0
152.0,333,41.22,4755.0,4.73,10.19,353.39,p14,54.96,2020-01-26,45,181,male,190,72,No,9.03,91.0
146.0,1200,131.17,18417.0,18.92,10.87,331.31,p14,45.09,2020-03-29,45,181,male,190,72,No,6.97,97.0
145.0,272,34.77,4260.0,4.36,10.42,345.33,p14,51.81,2020-03-31,45,181,male,190,72,No,5.92,98.0
149.0,295,34.55,4375.0,4.48,10.47,343.97,p14,50.78,2020-03-27,45,181,male,190,72,No,7.58,92.0
147.0,518,82.33,8057.0,7.15,9.07,397.1,p14,46.97,2020-02-08,45,181,male,190,72,Yes,8.18,96.0
140.0,538,68.53,8088.0,7.2,8.97,401.16,p14,49.78,2020-02-06,45,181,male,190,72,Yes,6.77,93.0
147.0,508,64.15,7925.0,6.94,9.12,394.7,p14,46.03,2020-02-14,45,181,male,190,72,Yes,1.1,96.0
143.0,317,44.45,5269.0,4.33,8.46,425.77,p14,55.69,2020-02-29,45,181,male,190,72,Yes,9.07,89.0
154.0,325,38.68,4751.0,3.99,8.63,417.14,p14,48.23,2020-02-26,45,181,male,190,72,No,8.6,92.0
149.0,223,35.78,3412.0,2.92,8.66,415.6,p14,63.53,2020-02-23,45,181,male,190,72,No,9.2,93.0
136.0,206,37.1,3479.0,3.02,8.73,412.45,p14,47.46,2020-02-22,45,181,male,190,72,No,7.0,93.0
149.0,335,38.83,4889.0,4.21,8.81,408.66,p14,39.01,2020-02-21,45,181,male,190,72,No,6.62,97.0
155.0,337,36.88,4704.0,4.36,9.47,380.01,p14,51.52,2020-02-20,45,181,male,190,72,No,5.1,95.0
141.0,667,92.82,10472.0,9.99,9.41,382.61,p14,46.69,2020-01-11,45,181,male,190,72,No,7.75,92.0
146.0,316,37.77,4748.0,4.49,9.61,374.52,p14,56.3,2020-01-15,45,181,male,190,72,No,7.9,92.0
166.0,276,35.55,3967.0,3.8,10.01,359.47,p14,46.21,2020-01-10,45,181,male,190,72,No,9.38,88.0
149.0,315,38.95,4723.0,4.41,9.54,377.25,p14,42.15,2020-01-16,45,181,male,190,72,No,6.02,92.0
145.0,649,109.08,10089.0,9.11,9.19,391.67,p14,47.29,2020-01-18,45,181,male,190,72,No,8.7,90.0
142.0,311,42.9,4892.0,5.29,11.29,318.92,p14,49.23,2020-01-19,45,181,male,190,72,No,12.1,93.0
139.0,395,60.88,6129.0,5.29,8.48,424.4,p14,44.26,2019-12-27,45,181,male,190,72,No,6.9,91.0
161.0,279,33.57,4095.0,4.42,11.28,319.06,p14,49.89,2020-01-05,45,181,male,190,72,No,7.0,93.0
154.0,270,38.1,4082.0,4.08,10.35,347.89,p14,46.39,2020-01-08,45,181,male,190,72,Yes,9.4,87.0
119.0,1345,134.28,11870.0,13.11,5.8,620.98,p15,50.53,2019-12-22,54,180,male,160,80,No,7.2,97.0
88.0,1059,233.57,10855.0,7.46,2.19,1646.44,p15,46.21,2020-02-04,54,180,male,160,80,No,7.7,96.0
112.0,1466,155.4,12130.0,13.17,5.05,713.27,p15,53.6,2020-02-06,54,180,male,160,80,No,6.18,95.0
111.0,1454,169.4,11482.0,11.67,4.09,881.05,p15,54.62,2020-02-07,54,180,male,160,80,No,6.28,98.0
113.0,303,32.73,2842.0,2.92,5.26,684.95,p15,46.97,2020-02-08,54,180,male,160,80,No,7.4,96.0
91.0,970,141.42,12220.0,7.62,3.96,908.7,p15,44.07,2020-02-09,54,180,male,160,80,No,8.38,94.0
113.0,1219,135.88,14943.0,9.93,4.95,727.77,p15,38.78,2020-02-15,54,180,male,160,80,No,7.6,95.0
111.0,1003,108.93,9057.0,6.56,3.61,996.3,p15,51.52,2020-02-17,54,180,male,160,80,No,6.83,94.0
114.0,1482,157.67,13161.0,13.81,5.24,687.22,p15,48.58,2020-02-18,54,180,male,160,80,No,9.42,93.0
121.0,1221,123.33,9981.0,11.34,5.44,661.33,p15,44.46,2020-02-19,54,180,male,160,80,No,8.47,97.0
110.0,798,84.82,8062.0,8.41,5.86,614.26,p15,51.81,2020-02-20,54,180,male,160,80,No,6.58,99.0
117.0,1627,167.85,14550.0,15.76,5.59,644.09,p15,47.46,2020-02-21,54,180,male,160,80,No,7.72,98.0
109.0,1106,124.77,8539.0,8.99,4.25,846.59,p15,46.85,2020-02-22,54,180,male,160,80,No,9.13,96.0
120.0,1273,126.27,10972.0,11.83,5.6,643.26,p15,55.33,2020-02-02,54,180,male,160,80,No,8.03,96.0
124.0,1062,101.85,9128.0,10.28,5.99,600.96,p15,50.78,2020-02-01,54,180,male,160,80,No,6.93,97.0
126.0,829,78.83,7404.0,7.92,6.0,600.34,p15,50.35,2020-01-31,54,180,male,160,80,No,7.95,96.0
125.0,1740,165.42,15465.0,17.22,6.18,582.24,p15,48.39,2020-01-16,54,180,male,160,80,No,7.12,96.0
131.0,597,54.48,5164.0,5.59,6.13,587.54,p15,49.91,2020-01-17,54,180,male,160,80,No,7.63,98.0
126.0,1206,117.6,9934.0,11.33,5.7,631.25,p15,50.35,2020-01-18,54,180,male,160,80,No,7.3,96.0
139.0,997,114.32,10347.0,7.04,5.04,714.68,p15,40.49,2020-01-21,54,180,male,160,80,No,7.68,95.0
90.0,1228,164.87,16057.0,11.39,4.1,878.18,p15,64.64,2020-01-26,54,180,male,160,80,No,8.98,97.0
142.0,917,100.18,9965.0,5.95,4.92,731.81,p15,38.96,2020-01-28,54,180,male,160,80,No,8.92,96.0
117.0,899,92.7,8572.0,9.52,6.14,586.58,p15,51.07,2020-01-30,54,180,male,160,80,No,8.78,96.0
88.0,1179,184.57,16254.0,11.29,4.07,884.34,p15,54.09,2020-02-23,54,180,male,160,80,No,9.25,95.0
115.0,1534,159.7,14339.0,13.58,5.11,705.08,p15,37.2,2020-03-14,54,180,male,160,80,No,8.05,97.0
122.0,1247,119.92,10903.0,10.87,5.44,661.54,p15,40.7,2020-03-13,54,180,male,160,80,No,6.77,96.0
112.0,1503,173.22,12756.0,13.07,4.49,802.55,p15,55.11,2020-02-29,54,180,male,160,80,No,7.03,97.0
99.0,1272,167.23,11722.0,10.88,3.87,931.35,p15,44.24,2020-03-01,54,180,male,160,80,No,7.22,98.0
108.0,1128,121.75,10047.0,10.83,5.34,674.34,p15,44.46,2020-03-05,54,180,male,160,80,No,0.98,91.0
120.0,1863,192.87,18312.0,13.19,4.1,877.06,p15,47.73,2020-03-06,54,180,male,160,80,No,7.8,95.0
83.0,1615,346.23,11883.0,8.87,1.54,2341.92,p15,40.03,2020-03-12,54,180,male,160,80,No,7.28,97.0
123.0,1197,116.97,10666.0,11.48,5.83,617.5,p15,33.46,2020-01-19,54,180,male,160,80,No,7.92,97.0
115.0,579,69.7,5984.0,7.04,6.55,549.76,p15,63.53,2019-11-28,54,180,male,160,80,No,8.08,97.0
124.0,815,81.73,7659.0,8.74,6.3,571.69,p15,48.39,2019-11-29,54,180,male,160,80,No,8.37,95.0
128.0,699,75.2,6340.0,6.97,6.06,594.35,p15,47.35,2019-11-30,54,180,male,160,80,No,7.28,95.0
100.0,585,73.33,6277.0,6.89,5.59,643.5,p15,47.27,2019-12-06,54,180,male,160,80,No,5.87,98.0
112.0,604,70.37,6307.0,6.91,5.82,618.84,p15,49.78,2019-12-08,54,180,male,160,80,No,8.6,97.0
114.0,485,59.82,4987.0,5.78,6.37,564.73,p15,54.72,2019-11-15,54,180,male,160,80,No,7.0,97.0
116.0,319,35.6,3108.0,3.54,6.47,556.26,p15,46.99,2019-11-16,54,180,male,160,80,No,6.87,96.0
99.0,737,114.0,10290.0,6.94,4.76,755.54,p15,45.82,2019-11-23,54,180,male,160,80,No,8.07,96.0
109.0,693,82.07,7072.0,7.37,5.34,673.6,p15,43.44,2019-12-07,54,180,male,160,80,No,9.03,95.0
116.0,1523,162.15,13835.0,15.48,5.67,635.25,p15,40.03,2019-12-27,54,180,male,160,80,No,8.12,95.0
110.0,631,74.12,5633.0,5.69,4.55,790.75,p15,44.61,2019-12-29,54,180,male,160,80,No,8.82,96.0
121.0,1381,133.93,11722.0,12.14,5.48,657.27,p15,40.76,2019-12-30,54,180,male,160,80,No,7.15,94.0
122.0,1519,147.75,13268.0,13.8,5.54,649.83,p15,45.18,2020-01-01,54,180,male,160,80,No,7.1,98.0
128.0,876,79.57,7434.0,8.14,6.02,598.22,p15,45.72,2020-01-03,54,180,male,160,80,No,6.67,95.0
88.0,1010,150.8,13139.0,8.68,3.65,986.6,p15,45.49,2020-01-05,54,180,male,160,80,No,9.72,91.0
127.0,766,71.15,5989.0,6.57,5.47,658.71,p15,44.61,2020-01-10,54,180,male,160,80,No,8.22,94.0
115.0,1185,128.88,8918.0,8.76,4.05,888.82,p15,49.67,2020-01-11,54,180,male,160,80,No,7.58,96.0
134.0,1478,131.82,9587.0,10.55,4.75,757.6,p15,38.77,2020-01-12,54,180,male,160,80,No,10.0,96.0
113.0,504,57.28,4137.0,4.7,4.89,736.83,p15,50.52,2019-12-26,54,180,male,160,80,No,9.2,99.0
118.0,1771,180.08,16399.0,18.04,5.94,605.8,p15,49.67,2019-12-25,54,180,male,160,80,No,8.38,95.0
129.0,1367,123.73,11346.0,12.22,5.86,614.72,p15,45.09,2019-12-31,54,180,male,160,80,No,7.53,97.0
120.0,1646,161.77,13955.0,14.46,5.32,677.01,p15,52.56,2019-12-23,54,180,male,160,80,No,8.98,96.0
72.0,2340,865.02,16693.0,8.57,0.61,5860.81,p15,44.24,2019-12-14,54,180,male,160,80,No,7.57,97.0
102.0,723,106.67,10235.0,6.95,5.07,710.53,p15,45.5,2019-12-15,54,180,male,160,80,No,6.68,94.0
121.0,922,85.33,11107.0,7.84,5.47,658.14,p15,44.0,2019-12-21,54,180,male,160,80,No,8.25,93.0
