user_id,date,sleep,sleep_quality
p16,2019-11-01,6.38,91
p09,2019-11-01,4.85,93
p03,2019-11-01,2.1,93
p03,2019-11-02,6.13,89
p05,2019-11-02,5.05,96
p16,2019-11-02,6.62,94
p06,2019-11-02,8.05,98
p01,2019-11-02,6.3,97
p16,2019-11-03,5.7,92
p01,2019-11-03,6.3,96
p05,2019-11-03,3.73,89
p09,2019-11-03,6.22,96
p06,2019-11-03,5.42,95
p06,2019-11-04,6.52,97
p01,2019-11-04,6.02,96
p09,2019-11-04,5.07,96
p16,2019-11-04,8.83,89
p16,2019-11-05,8.2,92
p06,2019-11-05,6.57,98
p01,2019-11-05,5.43,99
p09,2019-11-05,6.38,97
p05,2019-11-06,5.53,93
p01,2019-11-06,5.68,99
p16,2019-11-06,7.83,86
p03,2019-11-06,7.38,96
p09,2019-11-06,7.98,95
p06,2019-11-06,7.05,97
p02,2019-11-06,6.45,93
p06,2019-11-07,6.32,99
p01,2019-11-07,5.2,97
p05,2019-11-07,5.38,91
p03,2019-11-07,6.92,95
p16,2019-11-07,5.72,91
p07,2019-11-07,7.38,94
p12,2019-11-07,1.17,96
p09,2019-11-07,5.57,91
p04,2019-11-07,6.93,94
p02,2019-11-07,6.38,90
p01,2019-11-08,6.0,100
p03,2019-11-08,6.58,95
p07,2019-11-08,7.57,98
p16,2019-11-08,6.25,89
p09,2019-11-08,11.52,93
p10,2019-11-08,8.53,93
p06,2019-11-08,6.2,98
p05,2019-11-08,6.08,93
p04,2019-11-08,6.68,95
p02,2019-11-08,6.48,98
p05,2019-11-09,1.38,97
p09,2019-11-09,7.72,96
p01,2019-11-09,5.73,99
p07,2019-11-09,0.9,84
p16,2019-11-09,9.93,92
p04,2019-11-09,7.87,94
p06,2019-11-09,5.62,97
p02,2019-11-09,4.5,94
p10,2019-11-09,7.75,95
p04,2019-11-10,8.68,93
p06,2019-11-10,2.62,95
p02,2019-11-10,6.95,99
p16,2019-11-10,6.02,92
p01,2019-11-10,6.37,99
p05,2019-11-10,6.03,99
p10,2019-11-10,7.77,88
p15,2019-11-10,8.25,96
p02,2019-11-11,6.38,91
p01,2019-11-11,5.3,97
p15,2019-11-11,7.67,95
p16,2019-11-11,8.62,95
p12,2019-11-11,3.72,100
p09,2019-11-11,11.32,95
p10,2019-11-11,7.62,86
p07,2019-11-11,7.6,97
p04,2019-11-11,1.55,96
p06,2019-11-11,8.12,90
p10,2019-11-12,7.1,92
p01,2019-11-12,6.3,98
p04,2019-11-12,7.37,95
p15,2019-11-12,6.78,95
p07,2019-11-12,7.53,97
p02,2019-11-12,3.67,98
p09,2019-11-12,3.93,87
p16,2019-11-12,6.37,92
p03,2019-11-12,3.23,92
p06,2019-11-12,6.78,98
p13,2019-11-12,7.18,92
p08,2019-11-12,6.82,91
p05,2019-11-13,4.68,96
p06,2019-11-13,7.63,100
p03,2019-11-13,6.18,97
p07,2019-11-13,7.38,96
p02,2019-11-13,5.98,98
p01,2019-11-13,5.33,97
p10,2019-11-13,6.87,95
p09,2019-11-13,8.4,93
p15,2019-11-13,6.6,96
p16,2019-11-13,8.25,92
p04,2019-11-13,6.83,95
p13,2019-11-13,4.65,94
p08,2019-11-13,7.05,93
p04,2019-11-14,7.05,92
p12,2019-11-14,2.97,98
p08,2019-11-14,6.7,94
p09,2019-11-14,5.77,94
p16,2019-11-14,5.25,93
p15,2019-11-14,6.92,94
p02,2019-11-14,6.25,99
p13,2019-11-14,7.03,93
p10,2019-11-14,7.28,93
p01,2019-11-14,5.42,99
p07,2019-11-14,7.45,97
p06,2019-11-14,5.65,99
p05,2019-11-14,5.65,92
p03,2019-11-14,7.2,96
p06,2019-11-15,6.63,97
p01,2019-11-15,5.7,95
p02,2019-11-15,5.7,93
p15,2019-11-15,7.0,97
p16,2019-11-15,6.47,94
p08,2019-11-15,7.0,90
p10,2019-11-15,6.0,93
p13,2019-11-15,7.43,93
p05,2019-11-15,7.25,93
p12,2019-11-15,5.8,99
p04,2019-11-15,7.83,91
p14,2019-11-15,6.55,94
p07,2019-11-15,8.13,97
p09,2019-11-15,8.63,97
p05,2019-11-16,5.7,96
p11,2019-11-16,8.28,97
p16,2019-11-16,7.22,91
p08,2019-11-16,8.6,91
p06,2019-11-16,6.18,94
p07,2019-11-16,7.1,95
p09,2019-11-16,9.17,93
p04,2019-11-16,0.97,95
p02,2019-11-16,6.55,92
p14,2019-11-16,9.75,92
p15,2019-11-16,6.87,96
p03,2019-11-16,7.23,93
p01,2019-11-16,5.28,93
p10,2019-11-16,8.6,91
p13,2019-11-16,6.62,89
p02,2019-11-17,5.33,96
p16,2019-11-17,7.42,96
p11,2019-11-17,1.65,99
p13,2019-11-17,7.88,92
p01,2019-11-17,5.62,96
p04,2019-11-17,5.88,94
p08,2019-11-17,8.18,90
p05,2019-11-17,6.27,91
p09,2019-11-17,8.73,92
p06,2019-11-17,8.52,92
p14,2019-11-17,8.1,91
p15,2019-11-17,7.73,96
p10,2019-11-17,7.6,91
p07,2019-11-17,3.97,90
p13,2019-11-18,6.42,95
p10,2019-11-18,6.6,94
p05,2019-11-18,5.32,100
p04,2019-11-18,7.35,94
p11,2019-11-18,6.22,98
p15,2019-11-18,6.6,97
p02,2019-11-18,5.63,96
p01,2019-11-18,5.5,98
p06,2019-11-18,7.05,99
p07,2019-11-18,6.93,96
p14,2019-11-18,6.6,97
p09,2019-11-18,7.37,94
p16,2019-11-18,7.72,89
p08,2019-11-18,7.18,92
p02,2019-11-19,6.55,96
p15,2019-11-19,8.02,95
p14,2019-11-19,6.45,94
p07,2019-11-19,8.22,96
p16,2019-11-19,5.92,92
p08,2019-11-19,6.93,88
p13,2019-11-19,5.97,90
p06,2019-11-19,7.22,94
p04,2019-11-19,6.92,91
p01,2019-11-19,5.3,96
p11,2019-11-19,6.35,98
p10,2019-11-19,8.42,93
p09,2019-11-19,8.98,91
p01,2019-11-20,6.38,97
p10,2019-11-20,5.32,92
p09,2019-11-20,5.02,92
p04,2019-11-20,6.82,93
p02,2019-11-20,5.37,91
p06,2019-11-20,6.07,98
p15,2019-11-20,7.43,97
p14,2019-11-20,8.17,91
p07,2019-11-20,7.4,97
p13,2019-11-20,7.32,95
p11,2019-11-20,6.37,96
p16,2019-11-20,6.73,88
p08,2019-11-20,7.05,90
p05,2019-11-20,7.0,93
p07,2019-11-21,8.22,94
p08,2019-11-21,7.28,91
p15,2019-11-21,7.75,97
p06,2019-11-21,7.27,98
p13,2019-11-21,6.42,91
p09,2019-11-21,7.5,94
p10,2019-11-21,8.28,94
p04,2019-11-21,7.3,94
p11,2019-11-21,7.3,98
p02,2019-11-21,5.58,90
p01,2019-11-21,5.45,98
p05,2019-11-21,7.0,93
p14,2019-11-21,8.63,89
p16,2019-11-21,6.2,90
p01,2019-11-22,5.55,97
p13,2019-11-22,6.3,89
p11,2019-11-22,6.05,94
p07,2019-11-22,5.1,97
p06,2019-11-22,7.12,98
p02,2019-11-22,6.3,99
p05,2019-11-22,6.3,95
p10,2019-11-22,6.53,93
p15,2019-11-22,5.98,97
p08,2019-11-22,6.95,95
p09,2019-11-22,7.83,90
p14,2019-11-22,7.57,96
p04,2019-11-22,6.7,91
p16,2019-11-22,8.23,87
p01,2019-11-23,5.93,98
p08,2019-11-23,9.45,94
p14,2019-11-23,6.92,92
p09,2019-11-23,8.22,93
p13,2019-11-23,6.6,96
p10,2019-11-23,6.95,93
p02,2019-11-23,7.53,91
p04,2019-11-23,1.27,99
p16,2019-11-23,6.88,91
p05,2019-11-23,7.42,94
p06,2019-11-23,2.77,94
p15,2019-11-23,8.07,96
p11,2019-11-23,6.93,97
p07,2019-11-23,7.9,94
p11,2019-11-24,8.38,99
p12,2019-11-24,6.5,99
p01,2019-11-24,7.02,95
p05,2019-11-24,1.05,85
p07,2019-11-24,3.92,90
p04,2019-11-24,6.55,88
p02,2019-11-24,1.42,89
p14,2019-11-24,9.95,91
p16,2019-11-24,6.83,93
p15,2019-11-24,5.48,94
p10,2019-11-24,9.22,93
p09,2019-11-24,7.67,93
p08,2019-11-24,5.4,94
p13,2019-11-24,6.25,91
p06,2019-11-24,3.18,95
p09,2019-11-25,5.25,97
p01,2019-11-25,5.53,98
p14,2019-11-25,5.83,95
p02,2019-11-25,6.97,96
p16,2019-11-25,6.67,94
p13,2019-11-25,7.1,93
p05,2019-11-25,6.35,93
p07,2019-11-25,9.82,97
p15,2019-11-25,8.35,97
p10,2019-11-25,5.9,87
p06,2019-11-25,1.13,91
p04,2019-11-25,7.62,92
p08,2019-11-25,7.13,95
p11,2019-11-25,6.27,96
p07,2019-11-26,8.5,96
p04,2019-11-26,7.17,94
p01,2019-11-26,5.3,98
p05,2019-11-26,5.85,99
p15,2019-11-26,7.0,95
p10,2019-11-26,6.72,91
p11,2019-11-26,7.73,97
p06,2019-11-26,1.53,97
p14,2019-11-26,9.23,95
p02,2019-11-26,5.9,97
p08,2019-11-26,7.22,94
p16,2019-11-26,7.43,92
p09,2019-11-26,6.9,90
p13,2019-11-26,6.18,93
p16,2019-11-27,3.87,91
p15,2019-11-27,7.38,96
p13,2019-11-27,6.0,92
p02,2019-11-27,6.18,92
p08,2019-11-27,7.48,93
p04,2019-11-27,0.9,90
p14,2019-11-27,6.43,95
p11,2019-11-27,6.42,96
p05,2019-11-27,6.47,94
p06,2019-11-27,4.27,100
p07,2019-11-27,7.28,95
p01,2019-11-27,6.08,97
p09,2019-11-27,8.45,96
p10,2019-11-27,7.13,90
p10,2019-11-28,6.9,93
p14,2019-11-28,6.55,98
p15,2019-11-28,8.08,97
p04,2019-11-28,6.8,94
p09,2019-11-28,6.33,91
p01,2019-11-28,5.68,94
p16,2019-11-28,6.12,93
p13,2019-11-28,6.95,97
p02,2019-11-28,6.32,90
p07,2019-11-28,6.62,96
p06,2019-11-28,7.22,97
p05,2019-11-28,7.42,96
p11,2019-11-28,6.52,97
p08,2019-11-28,7.37,90
p05,2019-11-29,7.1,93
p09,2019-11-29,8.17,95
p06,2019-11-29,3.78,96
p14,2019-11-29,8.15,94
p04,2019-11-29,6.53,94
p07,2019-11-29,6.95,96
p02,2019-11-29,6.73,94
p11,2019-11-29,6.38,99
p01,2019-11-29,5.15,93
p10,2019-11-29,7.6,90
p13,2019-11-29,6.83,92
p08,2019-11-29,6.38,96
p16,2019-11-29,8.88,87
p15,2019-11-29,8.37,95
p04,2019-11-30,9.17,94
p05,2019-11-30,6.75,94
p09,2019-11-30,6.57,98
p16,2019-11-30,8.43,96
p08,2019-11-30,8.32,94
p13,2019-11-30,8.27,93
p07,2019-11-30,5.95,97
p15,2019-11-30,7.28,95
p11,2019-11-30,8.98,98
p01,2019-11-30,6.7,97
p10,2019-11-30,10.33,87
p06,2019-11-30,7.37,100
p08,2019-12-01,7.48,93
p16,2019-12-01,6.88,96
p11,2019-12-01,7.72,98
p06,2019-12-01,7.32,98
p02,2019-12-01,6.65,96
p07,2019-12-01,7.6,96
p15,2019-12-01,7.27,97
p05,2019-12-01,5.32,99
p04,2019-12-01,6.72,96
p01,2019-12-01,6.45,96
p16,2019-12-02,6.75,95
p01,2019-12-02,3.17,95
p07,2019-12-02,1.02,97
p02,2019-12-02,6.27,93
p15,2019-12-02,6.73,95
p05,2019-12-02,6.02,96
p09,2019-12-02,6.43,97
p04,2019-12-02,6.33,89
p06,2019-12-02,5.38,97
p08,2019-12-02,6.85,94
p10,2019-12-02,7.28,95
p11,2019-12-02,6.22,95
p16,2019-12-03,6.72,93
p15,2019-12-03,8.12,95
p05,2019-12-03,4.32,97
p04,2019-12-03,6.6,92
p09,2019-12-03,5.3,95
p02,2019-12-03,6.37,99
p10,2019-12-03,6.85,94
p11,2019-12-03,6.53,99
p08,2019-12-03,6.95,95
p07,2019-12-03,7.52,95
p06,2019-12-03,5.48,97
p14,2019-12-03,6.02,80
p01,2019-12-03,5.75,98
p06,2019-12-04,5.22,97
p04,2019-12-04,6.62,95
p10,2019-12-04,6.45,91
p14,2019-12-04,6.13,82
p11,2019-12-04,0.88,87
p15,2019-12-04,6.77,96
p08,2019-12-04,6.67,95
p16,2019-12-04,7.88,94
p01,2019-12-04,5.58,94
p02,2019-12-04,6.53,92
p05,2019-12-04,5.03,96
p07,2019-12-04,8.03,96
p09,2019-12-04,6.05,91
p04,2019-12-05,6.88,92
p05,2019-12-05,6.05,95
p14,2019-12-05,6.87,83
p10,2019-12-05,8.3,92
p08,2019-12-05,7.45,95
p09,2019-12-05,9.82,90
p11,2019-12-05,6.5,99
p16,2019-12-05,6.73,94
p06,2019-12-05,6.27,96
p01,2019-12-05,5.23,95
p15,2019-12-05,7.78,96
p07,2019-12-05,6.73,96
p02,2019-12-05,6.38,99
p08,2019-12-06,7.33,93
p15,2019-12-06,5.87,98
p11,2019-12-06,6.28,97
p05,2019-12-06,6.68,97
p07,2019-12-06,1.17,88
p02,2019-12-06,3.38,91
p10,2019-12-06,6.88,86
p04,2019-12-06,1.33,99
p06,2019-12-06,6.53,99
p01,2019-12-06,4.83,89
p14,2019-12-06,7.33,94
p16,2019-12-06,6.4,93
p09,2019-12-06,4.0,88
p07,2019-12-07,6.05,97
p16,2019-12-07,6.5,93
p06,2019-12-07,7.7,96
p11,2019-12-07,8.42,97
p09,2019-12-07,11.18,90
p08,2019-12-07,6.1,95
p04,2019-12-07,7.8,93
p05,2019-12-07,4.65,94
p02,2019-12-07,6.2,92
p10,2019-12-07,10.28,95
p14,2019-12-07,9.38,89
p15,2019-12-07,9.03,95
p01,2019-12-07,7.07,94
p06,2019-12-08,6.15,99
p08,2019-12-08,8.37,93
p09,2019-12-08,8.02,87
p07,2019-12-08,1.08,93
p10,2019-12-08,7.57,91
p11,2019-12-08,8.22,94
p14,2019-12-08,6.27,93
p02,2019-12-08,5.85,94
p04,2019-12-08,6.78,89
p01,2019-12-08,6.7,97
p15,2019-12-08,8.6,97
p05,2019-12-08,5.18,100
p16,2019-12-08,6.65,87
p16,2019-12-09,2.78,89
p07,2019-12-09,8.82,96
p14,2019-12-09,8.1,93
p01,2019-12-09,5.53,94
p05,2019-12-09,10.28,94
p09,2019-12-09,7.07,88
p10,2019-12-09,6.03,92
p06,2019-12-09,5.28,99
p02,2019-12-09,1.6,100
p13,2019-12-09,0.9,89
p15,2019-12-09,6.27,94
p04,2019-12-09,8.45,92
p08,2019-12-09,7.07,91
p11,2019-12-09,6.82,95
p11,2019-12-10,7.05,97
p15,2019-12-10,7.95,97
p02,2019-12-10,5.28,94
p07,2019-12-10,6.62,97
p14,2019-12-10,6.0,91
p06,2019-12-10,5.97,97
p13,2019-12-10,5.75,97
p10,2019-12-10,7.82,90
p01,2019-12-10,5.6,99
p09,2019-12-10,10.6,96
p04,2019-12-10,8.07,91
p16,2019-12-10,8.05,94
p08,2019-12-10,5.78,93
p15,2019-12-11,7.0,97
p10,2019-12-11,7.18,92
p06,2019-12-11,5.35,97
p02,2019-12-11,5.98,96
p11,2019-12-11,6.8,98
p08,2019-12-11,8.6,92
p05,2019-12-11,1.27,96
p13,2019-12-11,5.72,96
p01,2019-12-11,6.93,94
p16,2019-12-11,7.77,94
p07,2019-12-11,7.77,94
p04,2019-12-11,7.18,92
p09,2019-12-11,6.8,90
p14,2019-12-11,6.8,87
p01,2019-12-12,3.67,96
p13,2019-12-12,6.95,96
p07,2019-12-12,7.12,97
p09,2019-12-12,8.87,94
p16,2019-12-12,7.97,90
p11,2019-12-12,7.83,97
p15,2019-12-12,7.2,95
p02,2019-12-12,5.92,91
p08,2019-12-12,7.12,94
p06,2019-12-12,6.03,98
p10,2019-12-12,7.53,93
p05,2019-12-12,5.88,94
p14,2019-12-12,9.28,91
p13,2019-12-13,6.88,92
p14,2019-12-13,6.88,95
p07,2019-12-13,7.13,97
p05,2019-12-13,7.55,97
p08,2019-12-13,6.83,96
p10,2019-12-13,8.05,86
p06,2019-12-13,5.87,99
p09,2019-12-13,5.88,90
p11,2019-12-13,5.92,95
p01,2019-12-13,5.62,96
p15,2019-12-13,6.57,95
p16,2019-12-13,6.68,91
p02,2019-12-13,6.15,99
p04,2019-12-13,6.4,91
p16,2019-12-14,8.78,90
p10,2019-12-14,8.28,87
p14,2019-12-14,3.33,95
p13,2019-12-14,4.7,92
p02,2019-12-14,6.13,93
p06,2019-12-14,6.08,98
p04,2019-12-14,8.95,91
p15,2019-12-14,7.57,97
p07,2019-12-14,8.03,98
p05,2019-12-14,6.5,85
p11,2019-12-14,4.33,97
p01,2019-12-14,6.43,97
p09,2019-12-14,5.32,90
p16,2019-12-15,7.67,87
p10,2019-12-15,7.98,92
p13,2019-12-15,5.67,90
p02,2019-12-15,7.98,98
p06,2019-12-15,1.67,91
p01,2019-12-15,6.15,97
p04,2019-12-15,8.1,88
p09,2019-12-15,8.45,96
p05,2019-12-15,5.32,93
p11,2019-12-15,6.47,96
p15,2019-12-15,6.68,94
p07,2019-12-15,7.32,97
p14,2019-12-16,3.85,95
p15,2019-12-16,8.25,96
p10,2019-12-16,10.52,93
p11,2019-12-16,6.45,99
p09,2019-12-16,9.28,91
p01,2019-12-16,6.12,99
p07,2019-12-16,7.12,96
p06,2019-12-16,8.02,96
p02,2019-12-16,6.47,98
p05,2019-12-16,6.95,95
p04,2019-12-16,1.02,95
p06,2019-12-17,5.68,97
p10,2019-12-17,7.75,86
p11,2019-12-17,6.52,90
p05,2019-12-17,6.37,94
p14,2019-12-17,5.63,85
p02,2019-12-17,6.52,99
p01,2019-12-17,5.15,97
p07,2019-12-17,7.8,98
p04,2019-12-17,7.88,91
p09,2019-12-17,5.88,92
p16,2019-12-17,11.6,89
p15,2019-12-17,7.75,96
p04,2019-12-18,7.22,89
p13,2019-12-18,10.3,95
p14,2019-12-18,7.5,94
p01,2019-12-18,5.48,94
p06,2019-12-18,5.68,99
p09,2019-12-18,4.38,94
p02,2019-12-18,6.22,90
p10,2019-12-18,7.18,93
p11,2019-12-18,6.32,98
p08,2019-12-18,6.83,96
p07,2019-12-18,7.42,92
p05,2019-12-18,4.67,98
p15,2019-12-18,6.43,96
p16,2019-12-18,6.48,93
p02,2019-12-19,5.82,83
p14,2019-12-19,0.65,61
p16,2019-12-19,5.35,93
p01,2019-12-19,5.17,96
p05,2019-12-19,5.97,96
p07,2019-12-19,6.97,95
p15,2019-12-19,7.07,94
p11,2019-12-19,7.75,97
p08,2019-12-19,6.73,92
p09,2019-12-19,8.15,99
p06,2019-12-19,5.45,99
p04,2019-12-19,1.25,93
p13,2019-12-19,8.2,88
p10,2019-12-19,7.3,91
p02,2019-12-20,6.2,97
p13,2019-12-20,6.03,93
p04,2019-12-20,1.17,97
p01,2019-12-20,4.45,95
p15,2019-12-20,6.58,96
p05,2019-12-20,6.13,100
p09,2019-12-20,5.3,97
p08,2019-12-20,7.17,82
p11,2019-12-20,9.23,95
p06,2019-12-20,5.6,96
p07,2019-12-20,5.45,97
p03,2019-12-20,5.23,92
p14,2019-12-20,8.95,84
p10,2019-12-20,7.73,93
p16,2019-12-20,5.43,92
p08,2019-12-21,7.22,96
p03,2019-12-21,2.9,92
p15,2019-12-21,8.25,93
p10,2019-12-21,7.53,90
p04,2019-12-21,6.67,92
p01,2019-12-21,6.42,99
p11,2019-12-21,6.92,99
p07,2019-12-21,7.43,97
p14,2019-12-21,7.85,89
p06,2019-12-21,7.93,99
p02,2019-12-21,6.62,93
p16,2019-12-21,8.42,92
p09,2019-12-21,5.35,97
p13,2019-12-21,7.78,96
p04,2019-12-22,7.42,96
p16,2019-12-22,8.25,93
p09,2019-12-22,5.83,93
p06,2019-12-22,6.97,97
p03,2019-12-22,3.23,90
p15,2019-12-22,7.2,97
p01,2019-12-22,6.72,97
p13,2019-12-22,8.52,97
p07,2019-12-22,7.3,98
p14,2019-12-22,8.78,94
p02,2019-12-22,7.25,98
p11,2019-12-22,7.98,94
p10,2019-12-22,7.85,89
p08,2019-12-22,7.33,90
p05,2019-12-22,4.73,95
p04,2019-12-23,8.15,89
p15,2019-12-23,8.98,96
p02,2019-12-23,2.83,97
p06,2019-12-23,6.63,90
p07,2019-12-23,7.32,96
p03,2019-12-23,6.33,94
p09,2019-12-23,5.42,100
p08,2019-12-23,8.63,94
p11,2019-12-23,6.52,97
p05,2019-12-23,6.0,99
p14,2019-12-23,8.18,88
p01,2019-12-23,7.17,95
p16,2019-12-23,6.7,94
p13,2019-12-23,8.05,96
p08,2019-12-24,5.98,91
p09,2019-12-24,13.72,96
p07,2019-12-24,7.27,95
p06,2019-12-24,6.62,97
p14,2019-12-24,7.72,87
p01,2019-12-24,6.15,98
p02,2019-12-24,6.95,98
p03,2019-12-24,5.88,92
p15,2019-12-24,9.05,95
p11,2019-12-24,7.05,98
p16,2019-12-24,6.03,91
p10,2019-12-24,8.9,94
p04,2019-12-24,7.0,97
p05,2019-12-24,5.47,97
p14,2019-12-25,8.27,88
p04,2019-12-25,8.22,87
p07,2019-12-25,6.27,96
p16,2019-12-25,8.4,92
p09,2019-12-25,6.27,96
p05,2019-12-25,8.83,96
p08,2019-12-25,8.68,94
p01,2019-12-25,7.05,97
p06,2019-12-25,6.32,97
p03,2019-12-25,5.92,92
p15,2019-12-25,8.38,95
p11,2019-12-25,7.2,99
p02,2019-12-25,1.15,97
p04,2019-12-26,7.8,92
p01,2019-12-26,6.77,96
p16,2019-12-26,7.92,92
p14,2019-12-26,7.62,85
p02,2019-12-26,8.3,85
p09,2019-12-26,10.58,95
p11,2019-12-26,7.32,99
p07,2019-12-26,7.12,96
p05,2019-12-26,6.47,97
p15,2019-12-26,9.2,99
p06,2019-12-26,8.12,95
p11,2019-12-27,8.13,97
p07,2019-12-27,7.87,88
p08,2019-12-27,8.72,95
p16,2019-12-27,5.95,92
p05,2019-12-27,10.47,89
p02,2019-12-27,7.1,85
p04,2019-12-27,6.43,88
p14,2019-12-27,6.9,91
p15,2019-12-27,8.12,95
p13,2019-12-27,7.9,89
p10,2019-12-27,7.67,91
p09,2019-12-27,7.68,88
p06,2019-12-27,5.6,96
p01,2019-12-27,6.95,94
p08,2019-12-28,6.65,94
p02,2019-12-28,6.9,91
p14,2019-12-28,6.95,94
p07,2019-12-28,7.15,96
p15,2019-12-28,8.12,96
p09,2019-12-28,10.1,92
p04,2019-12-28,7.0,93
p05,2019-12-28,7.1,90
p13,2019-12-28,5.38,92
p10,2019-12-28,7.67,85
p03,2019-12-28,4.43,92
p06,2019-12-28,8.15,99
p11,2019-12-28,7.25,97
p16,2019-12-28,7.38,91
p01,2019-12-28,7.32,94
p05,2019-12-29,4.22,93
p08,2019-12-29,8.57,92
p04,2019-12-29,8.7,93
p11,2019-12-29,7.37,100
p03,2019-12-29,8.23,96
p09,2019-12-29,7.92,96
p07,2019-12-29,7.42,95
p01,2019-12-29,6.97,96
p16,2019-12-29,6.52,90
p15,2019-12-29,8.82,96
p10,2019-12-29,7.43,89
p13,2019-12-29,10.17,96
p02,2019-12-29,6.78,98
p06,2019-12-29,7.22,98
p09,2019-12-30,11.38,90
p11,2019-12-30,7.5,97
p05,2019-12-30,6.72,94
p08,2019-12-30,8.73,96
p07,2019-12-30,8.03,95
p02,2019-12-30,6.88,90
p15,2019-12-30,7.15,94
p10,2019-12-30,9.35,88
p04,2019-12-30,7.28,89
p14,2019-12-30,6.33,98
p01,2019-12-30,5.63,98
p03,2019-12-30,5.45,89
p06,2019-12-30,5.53,95
p16,2019-12-30,4.85,91
p03,2019-12-31,6.15,88
p10,2019-12-31,9.82,92
p02,2019-12-31,6.45,98
p14,2019-12-31,6.42,99
p16,2019-12-31,7.93,98
p08,2019-12-31,8.25,96
p01,2019-12-31,6.07,97
p06,2019-12-31,5.03,99
p05,2019-12-31,5.68,97
p15,2019-12-31,7.53,97
p04,2019-12-31,9.2,90
p07,2019-12-31,7.0,96
p11,2019-12-31,8.52,94
p10,2020-01-01,10.7,88
p06,2020-01-01,6.22,99
p08,2020-01-01,5.4,91
p14,2020-01-01,4.95,98
p07,2020-01-01,4.07,93
p03,2020-01-01,7.1,91
p09,2020-01-01,6.33,88
p16,2020-01-01,7.63,87
p15,2020-01-01,7.1,98
p01,2020-01-01,6.0,98
p05,2020-01-01,4.67,91
p04,2020-01-01,2.8,93
p11,2020-01-01,6.47,87
p11,2020-01-02,7.53,98
p06,2020-01-02,5.63,98
p04,2020-01-02,8.12,94
p10,2020-01-02,8.83,93
p03,2020-01-02,7.22,95
p16,2020-01-02,3.88,94
p15,2020-01-02,8.15,95
p01,2020-01-02,8.5,96
p05,2020-01-02,6.8,96
p13,2020-01-02,6.87,95
p07,2020-01-02,8.1,94
p02,2020-01-02,7.08,95
p08,2020-01-02,6.45,98
p14,2020-01-02,5.33,98
p07,2020-01-03,8.23,89
p11,2020-01-03,6.43,94
p15,2020-01-03,6.67,95
p13,2020-01-03,6.52,95
p09,2020-01-03,6.88,89
p05,2020-01-03,6.63,93
p01,2020-01-03,6.13,96
p16,2020-01-03,7.58,93
p04,2020-01-03,8.08,93
p14,2020-01-03,4.58,97
p02,2020-01-03,5.33,99
p06,2020-01-03,6.07,98
p07,2020-01-04,7.55,89
p02,2020-01-04,4.83,99
p11,2020-01-04,2.42,91
p16,2020-01-04,6.72,94
p15,2020-01-04,8.1,98
p03,2020-01-04,7.1,96
p06,2020-01-04,5.65,98
p04,2020-01-04,7.72,91
p09,2020-01-04,4.58,97
p01,2020-01-04,7.65,99
p08,2020-01-04,7.1,92
p05,2020-01-04,4.7,96
p14,2020-01-04,1.48,96
p08,2020-01-05,7.17,96
p01,2020-01-05,7.17,96
p09,2020-01-05,8.07,93
p06,2020-01-05,6.63,98
p02,2020-01-05,7.73,99
p07,2020-01-05,3.57,93
p11,2020-01-05,8.1,97
p04,2020-01-05,1.42,99
p15,2020-01-05,9.72,91
p03,2020-01-05,1.92,97
p16,2020-01-05,5.72,89
p13,2020-01-05,7.45,92
p05,2020-01-05,5.43,90
p03,2020-01-06,7.13,95
p15,2020-01-06,6.85,96
p06,2020-01-06,6.0,99
p01,2020-01-06,5.3,99
p04,2020-01-06,2.65,92
p11,2020-01-06,7.13,98
p14,2020-01-06,8.05,93
p13,2020-01-06,5.97,90
p09,2020-01-06,7.95,94
p08,2020-01-06,6.65,91
p05,2020-01-06,6.42,96
p07,2020-01-06,1.35,90
p02,2020-01-06,5.5,99
p16,2020-01-06,6.1,93
p03,2020-01-07,6.92,100
p13,2020-01-07,6.85,93
p06,2020-01-07,5.02,98
p08,2020-01-07,6.5,95
p07,2020-01-07,8.5,93
p11,2020-01-07,6.53,97
p02,2020-01-07,6.35,93
p05,2020-01-07,5.95,92
p09,2020-01-07,5.77,93
p01,2020-01-07,5.25,98
p10,2020-01-07,6.43,90
p16,2020-01-07,5.57,91
p14,2020-01-07,7.9,89
p15,2020-01-07,6.67,98
p01,2020-01-08,5.45,90
p15,2020-01-08,7.3,98
p10,2020-01-08,6.38,95
p14,2020-01-08,9.4,87
p04,2020-01-08,1.53,97
p13,2020-01-08,7.02,91
p07,2020-01-08,8.55,93
p02,2020-01-08,6.98,100
p16,2020-01-08,6.15,92
p03,2020-01-08,1.22,84
p09,2020-01-08,7.58,96
p06,2020-01-08,5.37,96
p08,2020-01-08,6.88,93
p11,2020-01-08,6.53,96
p09,2020-01-09,5.8,87
p08,2020-01-09,7.4,96
p16,2020-01-09,6.22,88
p11,2020-01-09,7.37,97
p10,2020-01-09,7.47,95
p13,2020-01-09,5.93,94
p01,2020-01-09,5.8,93
p02,2020-01-09,6.28,95
p03,2020-01-09,7.22,94
p06,2020-01-09,6.13,97
p15,2020-01-09,7.78,97
p04,2020-01-09,1.32,95
p05,2020-01-09,6.13,99
p14,2020-01-09,5.87,97
p07,2020-01-09,7.4,92
p13,2020-01-10,6.75,95
p15,2020-01-10,8.22,94
p16,2020-01-10,7.98,94
p08,2020-01-10,7.77,94
p05,2020-01-10,6.05,95
p02,2020-01-10,6.25,91
p03,2020-01-10,8.6,95
p07,2020-01-10,7.17,92
p04,2020-01-10,6.62,93
p09,2020-01-10,7.82,87
p11,2020-01-10,7.75,98
p06,2020-01-10,5.5,99
p01,2020-01-10,5.73,93
p14,2020-01-10,9.38,88
p14,2020-01-11,7.75,92
p05,2020-01-11,5.43,94
p01,2020-01-11,7.92,96
p10,2020-01-11,7.53,89
p09,2020-01-11,5.87,91
p16,2020-01-11,4.98,87
p04,2020-01-11,2.6,97
p15,2020-01-11,7.58,96
p06,2020-01-11,7.87,99
p11,2020-01-11,7.42,98
p13,2020-01-11,7.2,97
p03,2020-01-11,8.93,96
p07,2020-01-11,6.82,98
p08,2020-01-11,8.0,97
p02,2020-01-11,4.93,99
p05,2020-01-12,6.45,87
p09,2020-01-12,5.72,88
p04,2020-01-12,7.83,94
p02,2020-01-12,6.67,99
p01,2020-01-12,6.9,98
p11,2020-01-12,8.65,97
p08,2020-01-12,1.18,84
p16,2020-01-12,7.88,93
p07,2020-01-12,6.95,98
p06,2020-01-12,6.93,98
p15,2020-01-12,10.0,96
p14,2020-01-12,8.08,97
p11,2020-01-13,6.23,95
p07,2020-01-13,9.83,95
p01,2020-01-13,5.03,99
p14,2020-01-13,5.53,94
p05,2020-01-13,5.48,94
p03,2020-01-13,6.47,97
p10,2020-01-13,6.83,96
p09,2020-01-13,11.63,96
p04,2020-01-13,1.18,99
p16,2020-01-13,6.48,90
p06,2020-01-13,5.88,99
p15,2020-01-13,6.47,95
p02,2020-01-13,6.17,90
p08,2020-01-13,2.32,94
p04,2020-01-14,6.73,90
p02,2020-01-14,5.58,99
p06,2020-01-14,5.82,99
p05,2020-01-14,6.63,97
p08,2020-01-14,7.28,90
p14,2020-01-14,8.05,86
p10,2020-01-14,8.2,91
p11,2020-01-14,7.22,97
p01,2020-01-14,6.07,97
p09,2020-01-14,6.33,89
p15,2020-01-14,5.98,96
p03,2020-01-14,6.68,96
p07,2020-01-14,7.17,96
p16,2020-01-14,7.17,95
p12,2020-01-15,1.13,97
p02,2020-01-15,6.75,89
p14,2020-01-15,7.9,92
p09,2020-01-15,5.85,93
p03,2020-01-15,6.38,96
p08,2020-01-15,8.93,85
p16,2020-01-15,6.2,92
p06,2020-01-15,5.27,99
p10,2020-01-15,6.98,94
p07,2020-01-15,1.07,96
p04,2020-01-15,5.87,93
p01,2020-01-15,6.37,93
p11,2020-01-15,7.15,94
p05,2020-01-15,6.03,96
p15,2020-01-15,6.7,98
p06,2020-01-16,5.83,97
p01,2020-01-16,5.85,99
p02,2020-01-16,5.62,100
p16,2020-01-16,5.97,98
p03,2020-01-16,6.47,95
p05,2020-01-16,7.23,97
p15,2020-01-16,7.12,96
p09,2020-01-16,7.77,96
p14,2020-01-16,6.02,92
p11,2020-01-16,6.75,93
p08,2020-01-16,7.8,95
p04,2020-01-16,1.7,96
p10,2020-01-16,7.05,97
p11,2020-01-17,7.2,99
p03,2020-01-17,7.18,95
p15,2020-01-17,7.63,98
p07,2020-01-17,8.03,98
p01,2020-01-17,5.83,96
p08,2020-01-17,8.0,95
p09,2020-01-17,5.27,90
p16,2020-01-17,7.38,91
p02,2020-01-17,3.88,97
p10,2020-01-17,7.67,93
p06,2020-01-17,6.05,97
p04,2020-01-17,8.38,91
p05,2020-01-17,5.37,97
p14,2020-01-17,7.75,96
p14,2020-01-18,8.7,90
p06,2020-01-18,7.42,99
p08,2020-01-18,10.35,94
p07,2020-01-18,6.33,92
p04,2020-01-18,1.23,99
p11,2020-01-18,7.62,94
p05,2020-01-18,6.23,98
p09,2020-01-18,8.37,94
p15,2020-01-18,7.3,96
p01,2020-01-18,5.18,99
p16,2020-01-18,5.12,89
p10,2020-01-18,6.87,90
p02,2020-01-18,7.73,91
p03,2020-01-18,6.87,98
p10,2020-01-19,7.78,92
p14,2020-01-19,12.1,93
p06,2020-01-19,6.5,99
p02,2020-01-19,6.7,96
p07,2020-01-19,5.12,91
p08,2020-01-19,1.07,97
p15,2020-01-19,7.92,97
p01,2020-01-19,5.62,97
p11,2020-01-19,8.98,97
p05,2020-01-19,6.2,93
p03,2020-01-19,7.82,95
p09,2020-01-19,3.93,90
p16,2020-01-19,6.05,95
p04,2020-01-19,7.7,92
p05,2020-01-20,5.5,96
p08,2020-01-20,7.18,94
p06,2020-01-20,6.05,99
p15,2020-01-20,6.65,95
p09,2020-01-20,11.22,96
p11,2020-01-20,6.32,95
p04,2020-01-20,7.88,96
p01,2020-01-20,5.98,99
p03,2020-01-20,5.42,97
p02,2020-01-20,6.77,98
p14,2020-01-20,6.2,92
p07,2020-01-20,1.67,95
p16,2020-01-20,6.3,93
p08,2020-01-21,7.45,92
p03,2020-01-21,3.15,96
p09,2020-01-21,3.42,91
p15,2020-01-21,7.68,95
p02,2020-01-21,5.97,100
p01,2020-01-21,6.08,97
p06,2020-01-21,6.4,100
p11,2020-01-21,7.4,96
p14,2020-01-21,7.92,93
p10,2020-01-21,7.23,92
p16,2020-01-21,4.65,89
p04,2020-01-21,8.8,96
p07,2020-01-21,7.2,97
p14,2020-01-22,5.5,89
p01,2020-01-22,5.03,99
p11,2020-01-22,7.92,96
p10,2020-01-22,7.7,90
p08,2020-01-22,8.27,96
p15,2020-01-22,6.43,95
p16,2020-01-22,7.7,92
p04,2020-01-22,7.28,97
p06,2020-01-22,5.9,99
p02,2020-01-22,5.97,90
p03,2020-01-22,5.72,97
p07,2020-01-22,7.33,97
p03,2020-01-23,6.07,93
p04,2020-01-23,6.62,93
p07,2020-01-23,7.35,95
p06,2020-01-23,6.45,99
p16,2020-01-23,5.48,92
p15,2020-01-23,7.05,97
p05,2020-01-23,1.07,93
p01,2020-01-23,5.82,98
p14,2020-01-23,5.17,92
p10,2020-01-23,6.98,90
p02,2020-01-23,4.63,93
p08,2020-01-23,7.18,97
p11,2020-01-23,8.25,97
p09,2020-01-24,4.62,97
p04,2020-01-24,6.83,98
p07,2020-01-24,1.17,96
p10,2020-01-24,7.15,91
p16,2020-01-24,7.95,89
p11,2020-01-24,5.82,98
p08,2020-01-24,6.68,95
p02,2020-01-24,6.13,95
p14,2020-01-24,8.15,96
p01,2020-01-24,6.53,94
p05,2020-01-24,6.63,94
p15,2020-01-24,6.23,97
p06,2020-01-24,6.98,98
p08,2020-01-25,7.63,96
p16,2020-01-25,6.17,97
p01,2020-01-25,6.45,97
p13,2020-01-25,7.47,94
p11,2020-01-25,6.68,92
p10,2020-01-25,8.0,88
p07,2020-01-25,6.53,96
p03,2020-01-25,3.33,92
p14,2020-01-25,9.23,92
p06,2020-01-25,7.08,100
p15,2020-01-25,5.78,95
p04,2020-01-25,7.52,95
p05,2020-01-25,5.43,96
p09,2020-01-25,7.18,94
p02,2020-01-25,7.08,95
p14,2020-01-26,9.03,91
p10,2020-01-26,7.13,90
p03,2020-01-26,6.98,95
p02,2020-01-26,4.85,89
p08,2020-01-26,6.3,94
p05,2020-01-26,6.27,97
p04,2020-01-26,0.97,95
p06,2020-01-26,6.25,98
p15,2020-01-26,8.98,97
p11,2020-01-26,7.35,96
p01,2020-01-26,6.35,95
p13,2020-01-26,7.58,94
p09,2020-01-26,6.52,93
p16,2020-01-26,6.38,97
p07,2020-01-26,8.1,96
p05,2020-01-27,6.03,96
p04,2020-01-27,7.98,97
p06,2020-01-27,5.97,95
p16,2020-01-27,6.85,90
p13,2020-01-27,6.22,95
p01,2020-01-27,5.12,99
p15,2020-01-27,7.73,97
p11,2020-01-27,6.58,98
p09,2020-01-27,6.15,96
p08,2020-01-27,6.43,91
p10,2020-01-27,6.77,94
p07,2020-01-27,6.75,98
p14,2020-01-27,6.72,93
p07,2020-01-28,6.6,95
p03,2020-01-28,5.38,89
p11,2020-01-28,8.23,96
p05,2020-01-28,6.33,96
p08,2020-01-28,5.73,95
p06,2020-01-28,5.8,100
p13,2020-01-28,7.35,95
p15,2020-01-28,8.92,96
p04,2020-01-28,6.93,96
p14,2020-01-28,7.87,92
p01,2020-01-28,5.43,97
p10,2020-01-28,5.93,94
p16,2020-01-28,5.12,92
p02,2020-01-28,6.07,98
p09,2020-01-28,10.75,98
p15,2020-01-29,6.63,95
p16,2020-01-29,6.18,93
p13,2020-01-29,8.0,96
p04,2020-01-29,6.43,89
p07,2020-01-29,6.82,96
p01,2020-01-29,5.42,99
p11,2020-01-29,7.12,97
p05,2020-01-29,5.85,96
p14,2020-01-29,3.53,69
p09,2020-01-29,7.85,97
p03,2020-01-29,6.65,98
p02,2020-01-29,6.17,95
p10,2020-01-29,6.6,92
p08,2020-01-29,6.75,92
p06,2020-01-29,5.52,99
p10,2020-01-30,7.38,92
p07,2020-01-30,6.03,95
p01,2020-01-30,5.72,98
p15,2020-01-30,8.78,96
p04,2020-01-30,7.25,97
p14,2020-01-30,3.53,88
p16,2020-01-30,6.02,90
p03,2020-01-30,5.15,95
p06,2020-01-30,6.7,100
p09,2020-01-30,3.87,96
p02,2020-01-30,6.58,97
p13,2020-01-30,7.53,94
p11,2020-01-30,7.08,96
p08,2020-01-30,4.7,93
p11,2020-01-31,6.18,97
p10,2020-01-31,6.15,95
p01,2020-01-31,5.82,97
p09,2020-01-31,8.03,97
p06,2020-01-31,6.15,98
p15,2020-01-31,7.95,96
p07,2020-01-31,7.28,96
p14,2020-01-31,2.27,93
p08,2020-01-31,7.78,93
p16,2020-01-31,7.55,94
p03,2020-01-31,5.62,97
p04,2020-01-31,3.23,93
p02,2020-01-31,6.42,98
p07,2020-02-01,8.7,94
p16,2020-02-01,6.47,91
p01,2020-02-01,5.43,97
p10,2020-02-01,8.1,91
p09,2020-02-01,5.77,93
p11,2020-02-01,8.5,98
p03,2020-02-01,8.63,95
p04,2020-02-01,1.98,100
p06,2020-02-01,6.87,100
p02,2020-02-01,6.93,99
p08,2020-02-01,8.25,96
p15,2020-02-01,6.93,97
p08,2020-02-02,9.42,95
p07,2020-02-02,6.33,92
p03,2020-02-02,5.9,92
p06,2020-02-02,8.13,97
p10,2020-02-02,8.28,93
p02,2020-02-02,7.92,90
p11,2020-02-02,6.82,96
p15,2020-02-02,8.03,96
p05,2020-02-02,7.37,100
p04,2020-02-02,4.88,94
p14,2020-02-02,9.95,86
p09,2020-02-02,6.45,93
p01,2020-02-02,6.2,99
p16,2020-02-02,6.27,93
p09,2020-02-03,6.78,99
p08,2020-02-03,7.02,98
p16,2020-02-03,7.38,92
p01,2020-02-03,6.15,95
p03,2020-02-03,6.75,95
p04,2020-02-03,6.52,95
p06,2020-02-03,5.23,98
p02,2020-02-03,6.75,91
p07,2020-02-03,7.45,97
p11,2020-02-03,5.68,96
p10,2020-02-03,5.6,86
p05,2020-02-03,4.52,99
p15,2020-02-03,6.9,96
p14,2020-02-03,1.22,92
p02,2020-02-04,5.8,98
p06,2020-02-04,6.0,99
p15,2020-02-04,7.7,96
p01,2020-02-04,5.52,98
p16,2020-02-04,6.55,94
p04,2020-02-04,3.77,97
p05,2020-02-04,7.73,99
p08,2020-02-04,6.92,95
p11,2020-02-04,9.0,97
p09,2020-02-04,6.78,95
p10,2020-02-04,8.1,95
p03,2020-02-04,6.43,94
p07,2020-02-04,7.57,94
p09,2020-02-05,5.2,97
p02,2020-02-05,4.95,93
p15,2020-02-05,8.07,96
p14,2020-02-05,2.4,89
p03,2020-02-05,7.12,96
p04,2020-02-05,9.83,89
p16,2020-02-05,5.8,96
p01,2020-02-05,5.0,99
p05,2020-02-05,6.55,99
p10,2020-02-05,7.35,93
p08,2020-02-05,7.23,97
p07,2020-02-05,7.57,94
p06,2020-02-05,5.07,99
p11,2020-02-05,7.03,99
p09,2020-02-06,4.17,90
p16,2020-02-06,6.43,95
p08,2020-02-06,7.12,98
p01,2020-02-06,5.28,96
p04,2020-02-06,6.7,92
p15,2020-02-06,6.18,95
p03,2020-02-06,7.93,96
p02,2020-02-06,6.35,93
p07,2020-02-06,6.45,97
p06,2020-02-06,6.73,98
p14,2020-02-06,6.77,93
p05,2020-02-06,4.48,98
p10,2020-02-06,7.3,88
p11,2020-02-06,7.33,98
p03,2020-02-07,6.12,96
p08,2020-02-07,7.7,92
p11,2020-02-07,7.92,95
p10,2020-02-07,8.02,94
p05,2020-02-07,7.0,97
p16,2020-02-07,7.22,93
p04,2020-02-07,9.35,95
p06,2020-02-07,5.8,100
p01,2020-02-07,5.67,95
p02,2020-02-07,6.07,92
p07,2020-02-07,8.02,97
p14,2020-02-07,5.75,96
p09,2020-02-07,6.52,96
p15,2020-02-07,6.28,98
p10,2020-02-08,6.72,91
p07,2020-02-08,6.45,96
p16,2020-02-08,8.18,89
p11,2020-02-08,6.53,96
p04,2020-02-08,8.45,91
p15,2020-02-08,7.4,96
p06,2020-02-08,7.32,99
p08,2020-02-08,8.92,94
p14,2020-02-08,8.18,96
p02,2020-02-08,6.72,94
p01,2020-02-08,7.08,99
p11,2020-02-09,6.43,91
p10,2020-02-09,7.55,92
p04,2020-02-09,3.88,92
p06,2020-02-09,7.1,97
p07,2020-02-09,7.57,97
p15,2020-02-09,8.38,94
p08,2020-02-09,7.8,96
p01,2020-02-09,6.32,94
p14,2020-02-09,9.85,93
p16,2020-02-09,6.23,92
p02,2020-02-09,7.35,91
p03,2020-02-09,6.93,96
p09,2020-02-09,5.82,95
p10,2020-02-10,6.25,89
p08,2020-02-10,6.97,93
p15,2020-02-10,7.33,94
p01,2020-02-10,5.45,99
p02,2020-02-10,6.53,90
p09,2020-02-10,4.8,93
p04,2020-02-10,1.82,97
p11,2020-02-10,7.03,95
p06,2020-02-10,5.43,97
p14,2020-02-10,2.65,96
p03,2020-02-10,6.43,96
p07,2020-02-10,7.42,96
p03,2020-02-11,6.65,95
p07,2020-02-11,7.45,96
p10,2020-02-11,6.3,94
p08,2020-02-11,7.68,90
p14,2020-02-11,8.72,96
p06,2020-02-11,5.67,100
p15,2020-02-11,8.1,95
p02,2020-02-11,6.47,97
p16,2020-02-11,12.22,88
p01,2020-02-11,5.98,97
p11,2020-02-11,6.27,95
p04,2020-02-11,1.47,95
p09,2020-02-11,4.9,98
p15,2020-02-12,6.87,96
p02,2020-02-12,5.77,99
p11,2020-02-12,6.0,96
p01,2020-02-12,5.63,98
p09,2020-02-12,8.75,97
p04,2020-02-12,7.17,87
p07,2020-02-12,7.17,96
p16,2020-02-12,5.82,92
p08,2020-02-12,7.18,93
p03,2020-02-12,5.58,96
p14,2020-02-12,8.62,95
p06,2020-02-12,6.13,100
p04,2020-02-13,7.48,93
p01,2020-02-13,5.5,98
p06,2020-02-13,5.67,97
p03,2020-02-13,6.6,94
p08,2020-02-13,6.93,96
p10,2020-02-13,7.12,94
p02,2020-02-13,6.42,93
p11,2020-02-13,7.35,98
p16,2020-02-13,5.8,96
p09,2020-02-13,5.3,92
p15,2020-02-13,7.58,94
p07,2020-02-13,7.35,93
p14,2020-02-13,5.28,97
p10,2020-02-14,4.88,87
p08,2020-02-14,6.58,92
p11,2020-02-14,6.03,98
p07,2020-02-14,8.83,96
p01,2020-02-14,4.12,100
p06,2020-02-14,6.98,99
p15,2020-02-14,7.0,96
p02,2020-02-14,5.82,96
p09,2020-02-14,5.68,95
p16,2020-02-14,7.3,98
p14,2020-02-14,1.1,96
p04,2020-02-14,1.18,95
p16,2020-02-15,5.92,98
p12,2020-02-15,8.92,89
p11,2020-02-15,7.57,97
p15,2020-02-15,7.6,95
p14,2020-02-15,8.18,97
p07,2020-02-15,6.15,97
p02,2020-02-15,5.78,91
p05,2020-02-15,5.22,94
p08,2020-02-15,8.12,98
p06,2020-02-15,6.53,100
p04,2020-02-15,6.03,90
p03,2020-02-15,6.45,89
p09,2020-02-15,5.32,93
p01,2020-02-15,7.05,94
p07,2020-02-16,2.93,97
p02,2020-02-16,5.1,93
p11,2020-02-16,8.77,95
p16,2020-02-16,4.9,96
p15,2020-02-16,9.02,96
p09,2020-02-16,7.05,97
p03,2020-02-16,7.22,93
p04,2020-02-16,2.75,93
p08,2020-02-16,7.98,95
p05,2020-02-16,5.0,100
p01,2020-02-16,6.95,96
p06,2020-02-16,7.88,99
p10,2020-02-16,8.95,93
p16,2020-02-17,7.63,87
p01,2020-02-17,4.82,95
p14,2020-02-17,9.32,98
p02,2020-02-17,6.73,99
p07,2020-02-17,7.53,96
p04,2020-02-17,6.1,93
p15,2020-02-17,6.83,94
p08,2020-02-17,7.0,94
p05,2020-02-17,6.63,97
p09,2020-02-17,10.07,92
p03,2020-02-17,0.97,95
p06,2020-02-17,5.08,100
p11,2020-02-17,7.62,96
p10,2020-02-17,7.08,91
p15,2020-02-18,9.42,93
p04,2020-02-18,6.53,91
p01,2020-02-18,6.48,97
p02,2020-02-18,6.18,89
p10,2020-02-18,8.42,89
p07,2020-02-18,8.0,93
p11,2020-02-18,7.97,97
p06,2020-02-18,6.72,99
p16,2020-02-18,4.75,94
p08,2020-02-18,7.57,93
p03,2020-02-18,6.37,96
p14,2020-02-18,3.2,95
p05,2020-02-18,6.42,97
p09,2020-02-18,6.92,90
p06,2020-02-19,6.73,97
p03,2020-02-19,6.68,98
p04,2020-02-19,6.87,92
p14,2020-02-19,8.15,97
p11,2020-02-19,7.47,98
p02,2020-02-19,6.07,98
p15,2020-02-19,8.47,97
p08,2020-02-19,6.82,95
p07,2020-02-19,7.67,97
p05,2020-02-19,6.48,97
p10,2020-02-19,7.72,91
p01,2020-02-19,5.87,99
p16,2020-02-19,7.77,96
p04,2020-02-20,9.65,92
p16,2020-02-20,6.63,94
p06,2020-02-20,5.67,100
p11,2020-02-20,6.25,97
p02,2020-02-20,6.23,98
p07,2020-02-20,7.35,96
p01,2020-02-20,5.3,99
p15,2020-02-20,6.58,99
p10,2020-02-20,8.22,91
p05,2020-02-20,5.98,97
p14,2020-02-20,5.1,95
p08,2020-02-20,6.93,96
p08,2020-02-21,5.97,96
p02,2020-02-21,6.22,98
p04,2020-02-21,9.2,92
p03,2020-02-21,5.73,94
p14,2020-02-21,6.62,97
p09,2020-02-21,7.62,97
p01,2020-02-21,4.38,98
p16,2020-02-21,5.75,94
p15,2020-02-21,7.72,98
p06,2020-02-21,6.22,98
p10,2020-02-21,5.32,95
p11,2020-02-21,6.15,94
p06,2020-02-22,7.05,100
p08,2020-02-22,7.07,94
p15,2020-02-22,9.13,96
p04,2020-02-22,8.07,93
p07,2020-02-22,7.8,90
p10,2020-02-22,8.12,94
p02,2020-02-22,6.58,94
p01,2020-02-22,6.3,97
p16,2020-02-22,6.58,87
p11,2020-02-22,6.97,96
p01,2020-02-23,6.83,95
p11,2020-02-23,8.03,94
p08,2020-02-23,8.7,98
p06,2020-02-23,6.07,98
p14,2020-02-23,9.2,93
p09,2020-02-23,5.03,92
p15,2020-02-23,9.25,95
p16,2020-02-23,6.6,96
p07,2020-02-23,6.23,96
p04,2020-02-23,5.67,93
p12,2020-02-23,1.87,90
p02,2020-02-23,5.98,90
p16,2020-02-24,6.75,92
p02,2020-02-24,6.95,95
p01,2020-02-24,5.25,95
p14,2020-02-24,8.7,91
p10,2020-02-24,5.43,92
p07,2020-02-24,8.03,96
p11,2020-02-24,6.93,96
p08,2020-02-24,7.33,91
p15,2020-02-24,5.88,95
p04,2020-02-24,8.35,96
p06,2020-02-24,6.42,98
p09,2020-02-24,5.78,95
p14,2020-02-25,7.33,92
p04,2020-02-25,7.37,97
p06,2020-02-25,7.18,99
p15,2020-02-25,6.17,98
p07,2020-02-25,7.47,95
p01,2020-02-25,4.4,97
p16,2020-02-25,4.4,94
p02,2020-02-25,2.5,94
p10,2020-02-25,7.55,94
p11,2020-02-25,7.28,95
p08,2020-02-25,7.43,95
p09,2020-02-25,6.8,97
p06,2020-02-26,6.63,97
p10,2020-02-26,7.38,93
p02,2020-02-26,6.67,90
p07,2020-02-26,5.62,94
p09,2020-02-26,6.33,89
p08,2020-02-26,4.95,97
p11,2020-02-26,6.58,99
p04,2020-02-26,7.4,93
p15,2020-02-26,8.05,96
p01,2020-02-26,4.93,97
p16,2020-02-26,7.95,91
p14,2020-02-26,8.6,92
p09,2020-02-27,9.68,90
p02,2020-02-27,6.13,91
p06,2020-02-27,5.97,96
p10,2020-02-27,7.47,93
p15,2020-02-27,6.52,96
p16,2020-02-27,5.33,91
p03,2020-02-27,5.92,97
p04,2020-02-27,7.35,91
p01,2020-02-27,5.32,96
p11,2020-02-27,8.07,97
p08,2020-02-27,7.05,92
p07,2020-02-27,8.47,87
p15,2020-02-28,6.88,96
p04,2020-02-28,7.07,89
p11,2020-02-28,8.65,96
p10,2020-02-28,7.95,88
p01,2020-02-28,5.3,94
p08,2020-02-28,7.48,95
p07,2020-02-28,7.57,94
p02,2020-02-28,2.45,99
p06,2020-02-28,5.4,97
p16,2020-02-28,6.3,90
p14,2020-02-28,8.23,91
p01,2020-02-29,6.03,94
p06,2020-02-29,6.07,97
p11,2020-02-29,8.62,98
p14,2020-02-29,9.07,89
p09,2020-02-29,5.9,90
p15,2020-02-29,7.03,97
p04,2020-02-29,7.97,95
p07,2020-02-29,7.77,93
p02,2020-02-29,7.33,98
p08,2020-02-29,9.15,97
p16,2020-02-29,6.67,93
p04,2020-03-01,1.35,95
p08,2020-03-01,8.62,95
p07,2020-03-01,2.7,91
p14,2020-03-01,7.95,93
p15,2020-03-01,7.22,98
p09,2020-03-01,7.17,92
p06,2020-03-01,7.58,96
p01,2020-03-01,5.77,96
p02,2020-03-01,1.0,92
p11,2020-03-01,6.78,96
p15,2020-03-02,5.38,97
p06,2020-03-02,6.82,97
p04,2020-03-02,10.47,93
p01,2020-03-02,6.1,94
p02,2020-03-02,6.93,96
p16,2020-03-02,7.93,92
p11,2020-03-02,7.02,96
p09,2020-03-02,6.67,88
p07,2020-03-02,9.97,94
p08,2020-03-02,6.78,94
p04,2020-03-03,8.87,92
p09,2020-03-03,5.22,92
p01,2020-03-03,6.23,99
p06,2020-03-03,6.27,98
p07,2020-03-03,7.7,96
p11,2020-03-03,8.0,96
p02,2020-03-03,6.2,98
p16,2020-03-03,7.22,84
p08,2020-03-03,6.67,90
p15,2020-03-04,9.38,98
p14,2020-03-04,6.47,90
p01,2020-03-04,5.0,96
p08,2020-03-04,7.27,94
p04,2020-03-04,9.08,96
p09,2020-03-04,7.83,93
p11,2020-03-04,6.32,95
p02,2020-03-04,7.45,97
p07,2020-03-04,7.4,97
p04,2020-03-05,7.85,95
p02,2020-03-05,6.82,99
p06,2020-03-05,5.77,99
p08,2020-03-05,7.47,95
p09,2020-03-05,7.27,83
p03,2020-03-05,4.85,95
p05,2020-03-05,1.13,91
p07,2020-03-05,7.27,97
p01,2020-03-05,5.97,97
p11,2020-03-05,6.82,98
p15,2020-03-05,0.98,91
p16,2020-03-05,6.62,86
p14,2020-03-05,8.33,95
p07,2020-03-06,6.12,96
p08,2020-03-06,7.18,96
p05,2020-03-06,2.27,94
p15,2020-03-06,7.8,95
p03,2020-03-06,7.47,96
p16,2020-03-06,8.7,89
p09,2020-03-06,6.73,90
p04,2020-03-06,9.6,96
p06,2020-03-06,7.0,100
p01,2020-03-06,6.15,94
p11,2020-03-06,7.17,95
p02,2020-03-06,6.65,92
p15,2020-03-07,6.72,95
p04,2020-03-07,8.5,89
p02,2020-03-07,6.8,92
p07,2020-03-07,6.1,94
p05,2020-03-07,5.68,93
p09,2020-03-07,8.6,93
p08,2020-03-07,7.3,92
p01,2020-03-07,6.53,97
p14,2020-03-07,6.88,88
p16,2020-03-07,2.15,98
p06,2020-03-07,6.47,99
p11,2020-03-07,7.97,94
p03,2020-03-07,7.37,96
p05,2020-03-08,5.58,96
p06,2020-03-08,7.38,98
p07,2020-03-08,3.75,95
p16,2020-03-08,6.73,90
p08,2020-03-08,7.27,96
p11,2020-03-08,6.1,99
p15,2020-03-08,5.37,95
p03,2020-03-08,7.82,94
p01,2020-03-08,6.18,96
p04,2020-03-08,6.15,96
p09,2020-03-08,6.4,89
p02,2020-03-08,6.05,96
p05,2020-03-09,7.67,98
p01,2020-03-09,5.57,98
p09,2020-03-09,8.27,89
p02,2020-03-09,5.22,97
p15,2020-03-09,7.3,97
p16,2020-03-09,3.97,95
p07,2020-03-09,9.12,96
p06,2020-03-09,6.75,94
p14,2020-03-09,5.68,91
p04,2020-03-09,7.28,93
p03,2020-03-09,6.12,95
p11,2020-03-09,6.75,96
p08,2020-03-09,6.8,94
p16,2020-03-10,4.07,86
p14,2020-03-10,5.6,95
p15,2020-03-10,6.65,97
p11,2020-03-10,7.57,95
p01,2020-03-10,5.43,97
p06,2020-03-10,6.38,100
p08,2020-03-10,7.78,95
p07,2020-03-10,8.12,94
p04,2020-03-10,7.32,94
p05,2020-03-10,7.02,96
p07,2020-03-11,7.53,96
p14,2020-03-11,4.83,99
p11,2020-03-11,6.75,97
p09,2020-03-11,8.67,92
p15,2020-03-11,1.1,97
p05,2020-03-11,5.63,93
p04,2020-03-11,7.03,96
p02,2020-03-11,7.95,93
p08,2020-03-11,8.55,94
p16,2020-03-11,6.12,89
p06,2020-03-11,5.62,98
p07,2020-03-12,8.53,98
p04,2020-03-12,6.23,97
p06,2020-03-12,5.8,99
p05,2020-03-12,5.78,97
p15,2020-03-12,7.28,97
p09,2020-03-12,7.15,88
p11,2020-03-12,6.72,98
p14,2020-03-12,8.32,95
p16,2020-03-12,4.82,96
p01,2020-03-12,5.52,97
p02,2020-03-12,6.37,93
p08,2020-03-12,7.55,93
p02,2020-03-13,5.95,98
p08,2020-03-13,8.28,94
p09,2020-03-13,6.03,98
p11,2020-03-13,7.53,99
p05,2020-03-13,6.35,97
p16,2020-03-13,9.15,95
p15,2020-03-13,6.77,96
p04,2020-03-13,7.92,95
p01,2020-03-13,6.48,94
p06,2020-03-13,6.1,99
p07,2020-03-13,5.15,95
p07,2020-03-14,7.73,95
p04,2020-03-14,5.6,90
p02,2020-03-14,8.4,89
p05,2020-03-14,5.4,95
p01,2020-03-14,7.43,98
p14,2020-03-14,8.8,93
p15,2020-03-14,8.05,97
p06,2020-03-14,1.7,92
p15,2020-03-15,6.88,96
p04,2020-03-15,1.63,99
p08,2020-03-15,8.7,97
p06,2020-03-15,8.55,93
p05,2020-03-15,5.88,98
p07,2020-03-15,6.25,95
p02,2020-03-15,5.95,88
p16,2020-03-15,9.57,91
p01,2020-03-15,5.02,95
p01,2020-03-16,5.75,98
p15,2020-03-16,7.27,97
p04,2020-03-16,7.57,92
p14,2020-03-16,7.27,96
p16,2020-03-16,8.18,94
p06,2020-03-16,6.3,100
p05,2020-03-16,6.23,99
p09,2020-03-16,9.2,90
p02,2020-03-16,5.97,91
p07,2020-03-16,8.07,98
p08,2020-03-16,7.07,96
p16,2020-03-17,5.23,88
p01,2020-03-17,7.88,100
p08,2020-03-17,7.08,96
p05,2020-03-17,6.73,97
p04,2020-03-17,8.23,92
p09,2020-03-17,6.67,89
p15,2020-03-17,7.22,97
p06,2020-03-17,6.08,98
p07,2020-03-17,7.78,95
p07,2020-03-18,7.48,95
p08,2020-03-18,6.93,94
p15,2020-03-18,8.15,96
p01,2020-03-18,7.12,99
p04,2020-03-18,7.13,95
p16,2020-03-18,8.65,90
p06,2020-03-18,6.67,100
p05,2020-03-18,6.0,99
p14,2020-03-18,2.15,98
p02,2020-03-18,6.2,99
p14,2020-03-19,5.65,95
p02,2020-03-19,6.9,98
p08,2020-03-19,7.82,95
p05,2020-03-19,6.02,97
p09,2020-03-19,8.13,94
p15,2020-03-19,8.6,97
p04,2020-03-19,6.58,97
p07,2020-03-19,7.12,94
p16,2020-03-19,6.8,89
p06,2020-03-19,4.43,97
p01,2020-03-19,5.53,97
p14,2020-03-20,3.55,89
p06,2020-03-20,6.18,98
p02,2020-03-20,1.68,86
p09,2020-03-20,8.52,96
p15,2020-03-20,7.63,96
p05,2020-03-20,6.62,95
p04,2020-03-20,8.47,91
p07,2020-03-20,7.5,96
p16,2020-03-20,8.27,90
p01,2020-03-20,5.68,99
p08,2020-03-20,7.7,95
p06,2020-03-21,5.48,100
p09,2020-03-21,6.8,88
p16,2020-03-21,5.8,93
p02,2020-03-21,5.47,86
p07,2020-03-21,7.93,95
p01,2020-03-21,6.35,98
p05,2020-03-21,5.92,97
p15,2020-03-21,7.97,95
p04,2020-03-21,2.82,96
p13,2020-03-21,6.0,98
p14,2020-03-21,5.57,98
p05,2020-03-22,6.6,100
p15,2020-03-22,8.05,98
p09,2020-03-22,10.68,94
p16,2020-03-22,8.27,90
p08,2020-03-22,8.52,95
p14,2020-03-22,7.37,98
p04,2020-03-22,6.22,92
p06,2020-03-22,7.33,96
p01,2020-03-22,6.8,98
p02,2020-03-22,7.13,92
p07,2020-03-22,6.47,93
p03,2020-03-22,5.05,87
p04,2020-03-23,8.25,95
p15,2020-03-23,6.5,98
p08,2020-03-23,7.38,95
p09,2020-03-23,8.9,91
p16,2020-03-23,6.63,90
p06,2020-03-23,5.45,96
p14,2020-03-23,1.83,97
p02,2020-03-23,7.13,99
p05,2020-03-23,6.92,98
p03,2020-03-23,5.17,93
p01,2020-03-23,6.25,99
p07,2020-03-23,8.38,96
p09,2020-03-24,3.0,90
p15,2020-03-24,7.18,96
p04,2020-03-24,6.42,95
p07,2020-03-24,8.08,97
p06,2020-03-24,5.93,99
p14,2020-03-24,7.18,94
p08,2020-03-24,6.52,96
p02,2020-03-24,7.07,98
p16,2020-03-24,7.9,94
p01,2020-03-24,7.3,98
p05,2020-03-24,5.88,96
p03,2020-03-24,6.53,93
p02,2020-03-25,6.82,99
p06,2020-03-25,5.62,96
p01,2020-03-25,5.78,99
p08,2020-03-25,7.55,95
p15,2020-03-25,8.13,97
p14,2020-03-25,9.17,96
p04,2020-03-25,1.05,91
p09,2020-03-25,7.03,96
p16,2020-03-25,8.18,94
p07,2020-03-25,8.15,96
p05,2020-03-25,7.22,96
p01,2020-03-26,6.92,98
p08,2020-03-26,7.17,96
p06,2020-03-26,6.4,97
p05,2020-03-26,5.77,98
p04,2020-03-26,7.85,91
p14,2020-03-26,8.12,95
p03,2020-03-26,5.83,93
p15,2020-03-26,7.6,96
p09,2020-03-26,8.33,94
p16,2020-03-26,4.9,95
p07,2020-03-26,6.9,92
p02,2020-03-26,5.52,94
p01,2020-03-27,5.12,97
p05,2020-03-27,7.07,99
p07,2020-03-27,6.13,97
p08,2020-03-27,7.17,92
p14,2020-03-27,7.58,92
p06,2020-03-27,5.83,97
p09,2020-03-27,7.37,94
p02,2020-03-27,6.4,98
p04,2020-03-27,8.1,93
p16,2020-03-27,7.82,92
p15,2020-03-27,8.45,97
p03,2020-03-27,2.1,90
p08,2020-03-28,9.12,96
p01,2020-03-28,5.9,96
p02,2020-03-28,6.1,89
p15,2020-03-28,7.33,93
p05,2020-03-28,6.37,98
p14,2020-03-28,6.28,98
p06,2020-03-28,7.0,96
p16,2020-03-28,6.98,95
p09,2020-03-28,1.77,99
p07,2020-03-28,7.28,97
p04,2020-03-28,9.03,93
p05,2020-03-29,4.75,99
p01,2020-03-29,5.82,99
p06,2020-03-29,6.05,99
p14,2020-03-29,6.97,97
p02,2020-03-29,3.72,92
p09,2020-03-29,7.73,91
p16,2020-03-29,7.37,96
p15,2020-03-29,8.28,98
p03,2020-03-29,5.73,97
p04,2020-03-29,7.37,95
p08,2020-03-29,8.5,0
p09,2020-03-30,8.9,96
p02,2020-03-30,5.77,93
p07,2020-03-30,8.68,96
p06,2020-03-30,6.17,97
p03,2020-03-30,5.42,91
p05,2020-03-30,7.93,96
p04,2020-03-30,9.82,96
p16,2020-03-30,8.08,94
p01,2020-03-30,6.43,98
p14,2020-03-30,4.82,95
p15,2020-03-30,8.3,96
p08,2020-03-30,6.53,95
p08,2020-03-31,7.52,97
p02,2020-03-31,6.57,98
p14,2020-03-31,5.92,98
p07,2020-03-31,7.62,95
p06,2020-03-31,5.42,99
p15,2020-03-31,7.18,97
p01,2020-03-31,5.75,98
p05,2020-03-31,5.75,96
p09,2020-03-31,5.5,93
p04,2020-03-31,7.45,93
p16,2020-03-31,6.42,95
p03,2020-03-31,5.93,92
p14,2020-04-01,3.5,94
p15,2020-04-01,7.3,96
